EmployeeNumber,Age,Gender,DistanceFromHome,MaritalStatus,RelationshipSatisfaction,WorkLifeBalance
1,41,Female,1,Single,1,1
2,49,Male,8,Married,4,3
4,37,Male,2,Single,2,3
5,33,Female,3,Married,3,3
7,27,Male,2,Married,4,3
8,32,Male,2,Single,3,2
10,59,Female,3,Married,1,2
11,30,Male,24,Divorced,2,3
12,38,Male,23,Single,2,3
13,36,Male,27,Married,2,2
14,35,Male,16,Married,3,3
15,29,Female,15,Single,4,3
16,31,Male,26,Divorced,4,2
18,34,Male,19,Divorced,3,3
19,28,Male,24,Single,2,3
20,29,Female,21,Divorced,3,3
21,32,Male,5,Divorced,4,2
22,22,Male,16,Divorced,2,2
23,53,Female,2,Married,3,3
24,38,Male,2,Single,3,3
26,24,Female,11,Divorced,4,2
27,36,Male,9,Single,2,3
28,34,Female,7,Single,3,3
30,21,Male,15,Single,4,3
31,34,Male,6,Single,3,3
32,53,Female,5,Divorced,4,2
33,32,Female,16,Single,2,3
35,42,Male,8,Married,4,3
36,44,Female,7,Married,4,3
38,46,Female,2,Single,4,2
39,33,Male,2,Single,4,3
40,44,Male,10,Married,4,4
41,30,Male,9,Single,1,3
42,39,Male,5,Married,3,4
45,24,Male,1,Married,1,2
46,43,Female,2,Divorced,4,2
47,50,Male,3,Married,3,3
49,35,Female,2,Married,1,3
51,36,Female,5,Married,4,4
52,33,Female,1,Married,1,3
53,35,Male,4,Divorced,3,3
54,27,Female,2,Divorced,4,3
55,26,Male,25,Single,3,2
56,27,Male,8,Single,4,3
57,30,Female,1,Single,4,3
58,41,Female,12,Married,4,3
60,34,Male,23,Single,3,3
61,37,Male,19,Married,1,3
62,46,Male,5,Single,3,3
63,35,Male,8,Married,4,3
64,48,Male,1,Single,4,3
65,28,Male,5,Single,3,2
68,44,Female,1,Divorced,3,2
70,35,Male,11,Married,3,3
72,26,Female,23,Married,3,2
73,33,Female,1,Single,3,3
74,35,Male,18,Married,4,2
75,35,Female,23,Married,3,3
76,31,Male,7,Divorced,4,2
77,37,Male,1,Divorced,3,4
78,32,Male,1,Married,2,3
79,38,Female,29,Single,4,3
80,50,Female,7,Divorced,4,2
81,59,Female,25,Single,4,2
83,36,Female,8,Divorced,2,3
84,55,Female,8,Divorced,3,3
85,36,Male,11,Single,3,3
86,45,Male,7,Divorced,3,3
88,35,Male,1,Married,4,2
90,36,Male,9,Married,1,2
91,59,Female,1,Single,4,2
94,29,Male,2,Married,4,3
95,31,Male,1,Single,2,3
96,32,Male,1,Married,2,3
97,36,Female,6,Married,2,3
98,31,Female,8,Single,4,3
100,35,Male,1,Single,2,3
101,45,Male,6,Married,2,4
102,37,Male,7,Single,1,4
103,46,Male,5,Divorced,4,3
104,30,Male,1,Married,3,2
105,35,Male,1,Single,1,3
106,55,Male,1,Married,4,3
107,38,Female,6,Divorced,4,3
110,34,Male,1,Married,3,3
112,56,Male,7,Single,1,2
113,23,Male,2,Divorced,3,3
116,51,Male,9,Married,2,3
117,30,Male,2,Married,1,3
118,46,Male,9,Single,4,3
119,40,Male,1,Married,4,2
120,51,Male,21,Single,4,1
121,30,Female,4,Divorced,2,2
124,46,Male,1,Married,3,2
125,32,Male,6,Single,1,3
126,54,Female,2,Married,1,1
128,24,Female,3,Married,1,2
129,28,Male,4,Married,2,4
131,58,Male,10,Single,3,2
132,44,Male,23,Married,3,4
133,37,Male,6,Divorced,4,3
134,32,Male,1,Single,4,3
137,20,Female,6,Single,2,3
138,34,Female,6,Single,3,3
139,37,Male,2,Divorced,4,4
140,59,Female,2,Married,4,3
141,50,Female,1,Married,1,2
142,25,Male,5,Single,4,3
143,25,Male,7,Married,3,3
144,22,Female,15,Single,3,3
145,51,Female,1,Single,3,2
147,34,Male,7,Single,4,3
148,54,Female,26,Single,3,3
150,24,Male,18,Married,3,3
151,34,Female,6,Divorced,3,3
152,37,Male,3,Single,1,3
153,34,Female,5,Single,4,3
154,36,Female,11,Married,3,3
155,36,Female,3,Divorced,1,3
158,43,Male,26,Married,4,4
159,30,Male,23,Divorced,3,2
160,33,Male,22,Married,1,4
161,56,Female,14,Married,1,3
162,51,Male,6,Single,3,3
163,31,Male,6,Married,2,2
164,26,Female,6,Married,3,2
165,58,Female,23,Married,4,2
167,19,Male,22,Single,4,2
169,22,Male,2,Married,3,3
170,49,Female,20,Married,3,2
171,43,Female,28,Single,4,3
174,50,Female,12,Single,4,3
175,31,Female,20,Married,3,3
176,41,Male,9,Divorced,3,3
177,26,Female,25,Married,4,3
178,36,Male,6,Divorced,4,3
179,51,Male,8,Single,4,3
182,39,Female,4,Married,3,4
183,25,Male,28,Married,4,3
184,30,Male,9,Married,4,1
190,32,Female,9,Single,1,4
192,45,Male,29,Single,2,2
193,38,Female,3,Single,2,3
194,30,Female,18,Single,3,2
195,32,Male,9,Divorced,4,4
197,30,Female,5,Divorced,4,3
198,30,Male,2,Single,4,3
199,41,Male,10,Divorced,2,2
200,41,Male,9,Married,4,3
201,19,Female,3,Single,4,3
202,40,Female,26,Divorced,1,3
204,35,Male,1,Married,1,3
205,53,Male,6,Married,4,1
206,45,Male,9,Divorced,3,1
207,32,Female,8,Single,4,3
208,29,Male,1,Married,1,3
211,51,Male,7,Married,3,3
214,58,Female,9,Married,2,2
215,40,Male,4,Married,1,2
216,34,Female,2,Married,4,3
217,22,Male,19,Married,1,3
218,27,Male,9,Divorced,4,1
221,28,Male,21,Married,3,1
223,57,Male,24,Divorced,2,1
224,27,Male,3,Divorced,4,2
226,50,Female,11,Single,2,3
227,41,Male,14,Divorced,1,3
228,30,Female,5,Married,3,3
230,38,Female,1,Single,3,4
231,32,Male,6,Single,1,3
233,27,Male,17,Married,4,2
235,19,Female,1,Single,1,4
238,36,Male,3,Single,3,2
239,30,Male,9,Divorced,3,3
240,45,Female,4,Divorced,1,4
241,56,Female,8,Divorced,3,3
242,33,Male,2,Single,1,4
243,19,Male,2,Single,3,2
244,46,Female,1,Divorced,3,3
245,38,Female,9,Single,3,3
246,31,Female,12,Married,3,3
247,34,Female,27,Single,4,3
248,41,Female,20,Single,4,2
249,50,Male,1,Married,4,2
250,53,Female,13,Divorced,3,3
252,33,Female,14,Married,4,3
253,40,Female,4,Married,2,3
254,55,Male,14,Single,4,3
256,34,Male,2,Married,3,2
258,51,Female,3,Single,3,3
259,52,Male,1,Married,1,3
260,27,Female,9,Single,4,2
261,35,Male,23,Married,1,3
262,43,Male,7,Divorced,4,4
264,45,Male,2,Married,4,3
267,37,Male,21,Married,1,2
269,35,Female,2,Single,4,3
270,42,Female,21,Divorced,2,3
271,38,Male,2,Married,2,3
273,38,Male,29,Married,1,1
274,27,Male,1,Married,3,3
275,49,Male,18,Divorced,1,3
277,34,Male,10,Divorced,4,4
281,40,Male,19,Married,3,4
282,38,Male,29,Married,2,3
283,29,Female,27,Married,4,2
284,22,Male,5,Divorced,1,2
286,36,Female,18,Single,1,3
287,40,Male,9,Married,4,1
288,46,Male,1,Divorced,3,3
291,32,Male,4,Married,3,2
292,30,Male,1,Single,3,3
293,27,Female,20,Single,4,3
296,51,Male,8,Married,4,1
297,30,Female,3,Single,3,3
298,41,Female,6,Single,3,3
299,30,Female,26,Single,3,2
300,29,Male,1,Single,4,2
302,45,Female,6,Single,4,3
303,54,Female,3,Married,4,3
304,36,Male,5,Single,4,4
305,33,Female,4,Married,4,3
306,37,Male,11,Divorced,3,3
307,38,Male,3,Divorced,3,2
308,31,Male,1,Married,4,3
309,59,Male,3,Married,1,3
311,37,Male,4,Divorced,3,3
312,29,Female,1,Married,4,3
314,35,Female,1,Single,1,4
315,29,Male,18,Single,3,2
316,52,Female,2,Single,2,2
319,42,Male,4,Married,4,3
321,59,Male,6,Married,4,2
323,50,Female,1,Divorced,3,2
325,33,Male,14,Married,3,1
327,43,Female,16,Married,3,3
328,33,Female,2,Married,1,4
329,52,Male,2,Single,4,4
330,32,Female,4,Married,1,3
331,32,Male,1,Single,4,1
332,39,Female,1,Divorced,3,3
333,32,Male,26,Married,1,3
334,41,Male,19,Divorced,1,2
335,40,Male,24,Divorced,1,3
336,45,Male,1,Married,3,3
337,31,Male,3,Divorced,1,3
338,33,Female,5,Married,3,2
339,34,Male,2,Married,2,3
340,37,Female,1,Married,1,2
341,45,Male,7,Married,4,3
342,37,Male,10,Divorced,2,3
343,39,Female,2,Single,4,3
346,29,Male,15,Single,1,3
347,42,Female,17,Single,3,3
349,29,Male,20,Divorced,4,3
350,25,Female,1,Married,4,3
351,42,Female,2,Divorced,3,3
352,40,Male,2,Divorced,4,3
353,51,Male,1,Married,2,2
355,31,Male,29,Single,2,4
359,32,Male,7,Married,3,1
361,38,Male,2,Married,4,3
362,32,Male,2,Single,4,3
363,46,Female,2,Married,2,2
364,28,Male,2,Single,3,1
366,29,Male,2,Married,2,3
367,31,Male,23,Married,2,3
369,25,Male,5,Divorced,4,3
372,45,Male,20,Married,2,3
373,36,Male,6,Married,3,3
374,55,Male,1,Single,3,3
376,47,Male,29,Married,4,2
377,28,Male,9,Married,4,2
378,37,Male,6,Married,2,4
379,21,Male,3,Single,1,4
380,37,Female,1,Divorced,1,3
381,35,Female,22,Divorced,2,2
382,38,Female,7,Divorced,3,3
384,26,Female,1,Divorced,1,1
385,50,Male,4,Divorced,1,2
386,53,Male,3,Married,4,2
387,42,Male,1,Married,3,3
388,29,Male,2,Single,1,2
389,55,Male,20,Married,4,3
390,26,Male,11,Married,3,3
391,37,Female,1,Single,2,3
392,44,Male,24,Divorced,4,1
393,38,Male,23,Divorced,2,3
394,26,Male,16,Divorced,4,3
395,28,Female,8,Single,4,3
396,49,Female,10,Single,4,3
397,36,Male,3,Single,4,3
399,31,Female,5,Divorced,3,2
401,26,Male,4,Single,2,3
403,37,Male,9,Married,3,2
404,42,Female,26,Married,4,4
405,18,Male,3,Single,3,3
406,35,Male,16,Married,3,2
407,36,Male,18,Married,4,3
408,51,Male,2,Divorced,4,3
410,41,Male,2,Single,2,3
411,18,Female,10,Single,1,3
412,28,Male,16,Single,3,3
416,31,Male,7,Married,2,2
417,39,Male,1,Divorced,1,2
419,36,Female,24,Married,3,3
420,32,Male,7,Married,3,2
421,38,Female,25,Married,3,3
422,58,Male,1,Divorced,4,3
423,31,Male,5,Married,3,3
424,31,Male,2,Married,4,3
425,45,Male,7,Divorced,1,3
426,31,Male,2,Divorced,2,1
428,33,Female,5,Married,2,3
429,39,Male,10,Married,4,3
430,43,Female,10,Single,1,3
431,49,Female,1,Single,4,3
433,52,Male,8,Married,1,2
434,27,Female,5,Single,2,2
436,32,Female,8,Married,4,3
437,27,Male,2,Single,1,3
438,31,Male,7,Divorced,4,3
439,32,Female,2,Single,3,2
440,28,Male,2,Married,4,2
441,30,Female,28,Married,4,3
442,31,Female,7,Married,1,3
444,39,Male,7,Married,1,3
445,39,Female,3,Married,1,2
446,33,Male,10,Single,3,2
447,47,Male,5,Married,2,3
448,43,Female,10,Divorced,2,4
449,27,Male,1,Married,4,3
450,54,Female,20,Single,4,2
451,43,Female,7,Married,1,2
452,45,Male,8,Married,1,3
453,40,Male,1,Married,3,2
454,29,Male,8,Married,4,2
455,29,Male,9,Single,3,3
456,30,Female,5,Divorced,3,3
458,27,Female,8,Married,1,3
460,37,Male,5,Divorced,3,2
461,38,Male,15,Divorced,2,3
462,31,Female,7,Single,3,2
463,29,Female,10,Divorced,1,3
464,35,Male,5,Single,4,3
465,23,Male,26,Divorced,3,2
466,41,Male,6,Single,4,3
467,47,Male,4,Single,1,3
468,42,Female,23,Single,2,3
469,29,Male,2,Married,1,2
470,42,Male,2,Divorced,3,3
471,32,Female,2,Married,3,3
473,48,Female,29,Married,2,1
474,37,Male,6,Divorced,1,3
475,30,Female,25,Married,2,4
476,26,Male,1,Married,2,3
477,42,Male,2,Single,2,3
478,21,Female,1,Single,3,3
479,36,Female,1,Single,2,3
481,36,Male,3,Married,1,3
482,57,Male,1,Married,3,3
483,40,Female,10,Married,3,3
484,21,Male,9,Single,3,2
485,33,Female,5,Single,2,3
486,37,Female,10,Married,2,3
487,46,Female,7,Married,3,4
488,41,Male,4,Single,3,3
491,50,Male,10,Single,4,3
492,40,Male,22,Married,1,3
493,31,Male,9,Single,4,3
494,21,Female,12,Single,4,3
495,29,Male,23,Single,4,3
496,35,Male,9,Single,3,3
497,27,Male,1,Divorced,2,3
498,28,Male,9,Single,4,3
499,49,Male,7,Single,3,3
500,51,Female,14,Married,3,2
501,36,Female,2,Married,2,3
502,34,Male,19,Single,2,2
505,55,Female,2,Single,3,3
507,24,Female,10,Divorced,4,4
508,30,Male,2,Married,1,3
510,26,Male,3,Single,3,3
511,22,Female,11,Married,4,3
513,36,Male,2,Married,2,3
514,30,Male,4,Single,3,3
515,37,Female,14,Divorced,3,2
516,40,Female,2,Divorced,3,3
517,42,Female,1,Divorced,2,3
518,37,Male,10,Single,4,2
520,43,Male,12,Divorced,3,3
521,40,Female,2,Married,2,3
522,54,Male,5,Married,3,2
523,34,Female,4,Married,1,3
524,31,Female,7,Married,2,1
525,43,Male,21,Married,1,3
526,43,Female,8,Divorced,4,3
527,25,Female,4,Single,2,3
529,37,Female,25,Married,1,3
530,31,Male,1,Married,3,3
531,39,Male,1,Divorced,3,3
532,56,Female,6,Married,4,2
533,30,Female,12,Single,2,3
534,41,Male,1,Married,3,3
536,28,Male,17,Divorced,4,3
538,25,Male,3,Married,3,3
543,52,Male,3,Married,3,3
544,45,Male,10,Married,4,2
546,52,Female,4,Married,4,1
547,42,Female,29,Divorced,2,3
548,30,Female,2,Single,3,3
549,60,Female,7,Married,4,1
550,46,Female,18,Divorced,3,2
551,42,Female,28,Married,4,4
554,24,Female,1,Single,2,3
555,34,Female,6,Divorced,4,2
556,38,Male,2,Married,3,3
558,40,Female,2,Married,4,3
560,26,Female,23,Divorced,2,1
562,30,Male,3,Married,3,1
564,29,Male,3,Married,3,3
565,29,Female,25,Married,2,4
566,19,Male,2,Single,3,4
567,30,Female,22,Married,3,3
568,57,Male,29,Divorced,3,2
569,50,Male,29,Married,2,3
571,30,Female,2,Single,3,2
573,60,Female,28,Married,4,4
574,47,Female,2,Divorced,3,3
575,46,Male,2,Married,3,1
577,35,Male,22,Single,3,3
578,54,Female,8,Single,3,3
579,34,Male,2,Divorced,3,3
580,46,Female,10,Married,3,3
581,31,Male,9,Divorced,4,4
582,33,Male,15,Married,4,4
584,33,Male,10,Divorced,1,3
585,30,Male,7,Single,1,3
586,35,Male,16,Married,3,3
587,31,Male,20,Married,1,3
590,34,Female,23,Divorced,3,3
591,42,Male,5,Married,4,3
592,36,Male,10,Single,4,2
593,22,Male,4,Single,3,3
595,48,Female,2,Married,1,3
597,55,Female,18,Single,4,3
599,41,Male,10,Single,4,3
600,35,Male,1,Married,3,3
601,40,Female,6,Single,3,3
602,39,Female,8,Married,1,3
604,31,Male,2,Single,3,4
605,42,Male,24,Married,4,2
606,45,Male,2,Married,2,4
608,26,Female,17,Divorced,2,2
611,29,Male,19,Divorced,2,4
612,33,Female,1,Divorced,3,3
613,31,Male,7,Divorced,3,2
614,18,Male,5,Single,4,3
615,40,Male,28,Divorced,3,3
616,41,Female,2,Single,1,3
618,26,Male,29,Divorced,1,3
620,35,Female,1,Single,4,3
621,34,Male,21,Single,4,3
622,26,Male,24,Single,2,1
623,37,Female,1,Single,4,4
624,46,Female,18,Married,4,2
625,41,Female,2,Married,2,3
626,37,Male,9,Divorced,4,3
630,52,Male,6,Divorced,2,3
631,32,Male,11,Married,4,3
632,24,Male,24,Married,3,3
634,38,Female,10,Married,3,3
635,37,Female,1,Married,2,2
638,49,Male,18,Divorced,3,3
639,24,Male,23,Married,2,3
641,26,Male,28,Married,4,4
643,24,Male,17,Married,4,3
644,50,Male,3,Married,3,3
645,25,Male,13,Married,3,3
647,24,Female,7,Married,4,3
648,30,Male,12,Married,3,4
649,34,Male,1,Married,4,3
650,31,Male,13,Divorced,3,1
652,35,Male,25,Single,4,3
653,31,Male,6,Divorced,4,4
655,27,Female,6,Divorced,3,2
656,37,Male,2,Married,3,2
657,20,Female,1,Single,4,4
659,42,Female,2,Married,2,3
661,43,Male,6,Divorced,3,2
662,38,Female,1,Single,4,2
663,43,Male,9,Divorced,2,3
664,48,Female,1,Married,1,1
665,44,Female,1,Single,2,4
666,34,Female,14,Divorced,4,3
667,27,Male,2,Divorced,2,3
669,21,Male,22,Single,3,3
671,44,Male,3,Married,1,4
675,22,Male,6,Married,4,3
677,33,Male,8,Divorced,4,3
679,32,Female,9,Married,4,2
680,30,Female,3,Divorced,3,3
682,53,Female,1,Single,4,4
683,34,Male,1,Married,4,2
684,45,Female,26,Married,4,3
686,26,Female,6,Married,3,3
689,37,Male,3,Married,3,3
690,29,Female,3,Married,1,2
691,35,Male,6,Single,2,3
692,33,Male,6,Divorced,3,1
698,54,Male,19,Married,3,4
699,36,Male,9,Divorced,3,3
700,27,Male,3,Single,4,3
701,20,Male,10,Single,4,3
702,33,Male,3,Single,1,3
704,35,Male,3,Married,3,3
705,23,Male,4,Married,1,4
707,25,Male,8,Married,3,3
709,38,Female,7,Single,1,3
710,29,Male,1,Divorced,4,3
712,48,Male,2,Married,4,3
714,27,Female,3,Divorced,2,3
715,37,Male,10,Single,1,3
716,50,Male,28,Married,3,3
717,34,Female,9,Single,2,4
720,24,Female,3,Single,1,3
721,39,Female,2,Single,1,3
722,32,Male,10,Single,4,2
723,50,Male,8,Married,1,3
724,38,Female,1,Single,3,2
725,27,Female,1,Married,4,3
727,32,Female,3,Single,4,3
728,47,Male,14,Single,4,3
729,40,Male,5,Married,3,3
730,53,Male,7,Married,3,3
731,41,Male,10,Divorced,2,2
732,60,Male,16,Single,4,3
733,27,Male,10,Divorced,3,2
734,41,Male,1,Married,2,3
738,50,Male,8,Married,4,3
741,28,Female,1,Single,4,3
742,36,Female,8,Married,1,3
743,38,Female,1,Single,4,4
744,44,Male,24,Single,3,3
746,47,Female,3,Divorced,4,2
747,30,Male,27,Divorced,4,2
749,29,Male,10,Single,3,3
752,42,Male,19,Divorced,4,3
754,43,Male,15,Married,3,3
757,34,Female,8,Single,4,3
758,23,Male,9,Married,4,4
760,39,Female,3,Married,3,1
762,56,Male,9,Married,3,2
763,40,Female,2,Single,4,2
764,27,Female,7,Single,1,1
766,29,Male,10,Divorced,4,3
769,53,Male,6,Single,4,3
771,35,Female,2,Divorced,1,4
772,32,Male,24,Married,4,3
773,38,Male,2,Married,2,1
775,34,Female,8,Divorced,3,3
776,52,Male,3,Married,1,4
780,33,Male,1,Single,3,2
781,25,Female,26,Single,2,2
783,45,Male,2,Single,1,3
784,23,Male,10,Single,4,3
785,47,Female,27,Single,4,3
786,34,Male,2,Single,3,3
787,55,Male,2,Married,4,3
789,36,Male,8,Single,2,3
791,52,Male,19,Married,1,3
792,26,Female,1,Divorced,1,3
793,29,Female,27,Married,1,2
796,26,Male,8,Single,3,2
797,34,Female,1,Single,3,3
799,54,Female,19,Divorced,2,3
800,27,Male,8,Married,2,3
802,37,Female,10,Divorced,2,2
803,38,Female,2,Single,4,3
804,34,Female,2,Single,3,3
805,35,Female,8,Married,2,2
806,30,Male,1,Married,3,3
807,40,Female,2,Married,4,3
808,34,Female,8,Married,2,3
809,42,Male,8,Divorced,2,2
811,23,Male,6,Married,3,3
812,24,Male,9,Divorced,3,3
813,52,Female,11,Married,2,3
815,50,Male,2,Married,4,3
816,29,Female,1,Married,4,3
817,33,Male,7,Married,4,4
819,33,Female,16,Single,3,3
820,47,Female,2,Married,3,2
823,36,Female,1,Married,1,3
824,29,Male,23,Married,3,3
825,58,Male,2,Single,4,3
826,35,Female,1,Single,3,3
827,42,Female,1,Married,4,3
828,28,Male,2,Single,4,2
829,36,Male,13,Married,2,3
830,32,Female,4,Married,3,3
832,40,Male,16,Single,4,3
833,30,Female,2,Single,2,2
834,45,Female,2,Single,4,3
836,42,Male,29,Married,4,2
837,38,Male,12,Divorced,3,2
838,34,Female,16,Single,3,3
840,49,Female,11,Married,1,4
842,55,Male,2,Single,3,2
843,43,Male,14,Married,3,3
844,27,Male,5,Divorced,2,3
845,35,Male,7,Single,2,4
846,28,Female,2,Married,1,3
847,34,Male,3,Married,3,1
848,26,Female,5,Married,1,3
850,27,Male,3,Married,3,2
851,51,Female,26,Married,3,2
852,44,Male,4,Single,4,2
854,25,Male,2,Single,3,2
855,33,Male,1,Divorced,1,3
856,35,Female,27,Single,4,2
857,36,Male,1,Married,4,2
859,32,Male,13,Divorced,3,2
861,30,Male,5,Divorced,2,2
862,53,Female,7,Married,4,3
864,45,Male,9,Divorced,3,3
865,32,Female,8,Married,3,2
867,52,Female,25,Married,3,3
868,37,Male,16,Divorced,4,3
869,28,Male,8,Divorced,4,3
872,22,Male,1,Married,1,1
874,44,Male,8,Married,3,2
875,42,Male,2,Single,4,3
878,36,Male,8,Married,3,3
879,25,Male,3,Married,4,3
880,35,Female,9,Married,2,3
881,35,Female,25,Divorced,1,2
882,32,Male,1,Divorced,2,3
885,25,Male,4,Married,1,4
887,49,Female,1,Married,2,3
888,24,Male,4,Married,4,2
889,32,Male,5,Married,4,3
893,38,Male,9,Married,4,3
894,42,Female,3,Married,2,2
895,31,Male,11,Married,2,3
896,29,Female,1,Divorced,3,3
897,53,Male,8,Married,3,3
899,35,Male,25,Married,1,3
900,37,Female,21,Married,2,3
901,53,Female,23,Single,3,3
902,43,Female,1,Married,2,2
903,47,Female,2,Married,1,3
904,37,Male,19,Single,4,3
905,50,Male,2,Divorced,4,3
909,39,Female,2,Married,3,3
910,33,Male,3,Divorced,3,4
911,32,Male,25,Single,3,1
912,29,Female,7,Divorced,3,3
913,44,Male,9,Married,4,3
916,28,Male,5,Single,2,3
918,58,Male,2,Divorced,4,2
920,43,Female,8,Divorced,3,4
922,20,Female,2,Single,4,2
923,21,Female,18,Single,1,2
924,36,Male,14,Married,1,2
925,47,Female,2,Single,1,2
926,22,Female,3,Married,1,4
927,41,Female,2,Divorced,3,2
930,28,Female,9,Divorced,2,3
932,39,Male,6,Married,4,1
933,27,Female,4,Single,3,3
934,34,Male,10,Divorced,2,3
936,42,Female,14,Single,1,3
939,33,Male,1,Single,2,3
940,58,Female,5,Divorced,4,3
941,31,Male,7,Married,2,4
942,35,Female,21,Married,4,1
944,49,Female,8,Married,3,2
945,48,Male,20,Married,1,2
947,31,Female,20,Married,4,2
949,36,Male,7,Single,3,3
950,38,Female,1,Married,2,3
951,32,Female,1,Married,3,3
952,25,Male,19,Married,3,3
954,40,Male,10,Divorced,2,2
956,26,Male,1,Single,2,3
957,41,Male,6,Single,3,3
958,36,Male,2,Single,3,3
959,19,Male,21,Single,2,4
960,20,Male,4,Single,2,3
961,31,Female,12,Married,3,1
964,40,Male,9,Divorced,4,3
966,32,Female,3,Married,3,4
967,36,Male,3,Married,1,3
969,33,Female,1,Single,1,3
970,37,Male,1,Married,3,1
972,45,Male,4,Married,2,2
974,29,Female,20,Married,2,3
975,35,Female,18,Married,2,3
976,52,Male,1,Married,2,2
977,58,Male,2,Single,1,3
981,53,Male,2,Divorced,3,4
982,30,Male,8,Divorced,1,4
983,38,Female,10,Single,2,3
984,35,Male,3,Divorced,2,3
985,39,Male,2,Single,4,3
986,40,Female,24,Single,4,2
987,47,Male,16,Divorced,3,4
990,36,Male,8,Divorced,4,3
991,31,Male,9,Single,1,3
992,33,Male,17,Single,4,3
994,29,Female,10,Single,3,3
995,33,Female,13,Single,1,3
996,45,Female,1,Divorced,4,3
997,50,Male,1,Divorced,3,2
998,33,Female,1,Married,1,3
999,41,Male,9,Divorced,2,4
1001,27,Female,16,Married,2,3
1002,45,Male,23,Married,3,3
1003,47,Female,4,Single,3,3
1004,30,Female,22,Married,2,3
1005,50,Male,24,Married,4,3
1006,38,Male,10,Married,2,2
1007,46,Male,7,Divorced,2,3
1009,24,Female,17,Divorced,2,3
1010,35,Male,14,Divorced,4,1
1011,31,Female,1,Married,3,3
1012,18,Male,5,Single,4,3
1013,54,Female,17,Married,3,3
1014,35,Female,25,Divorced,3,2
1015,30,Female,8,Married,3,2
1016,20,Female,11,Single,1,3
1017,30,Female,5,Single,1,3
1018,26,Male,2,Married,2,3
1019,22,Male,8,Married,1,2
1022,48,Male,6,Single,4,3
1024,48,Male,4,Single,2,3
1025,41,Female,7,Single,2,3
1026,39,Female,1,Married,3,3
1027,27,Female,2,Married,2,3
1028,35,Male,10,Divorced,1,2
1029,42,Male,5,Married,2,4
1030,50,Male,9,Married,2,3
1032,59,Female,2,Single,1,3
1033,37,Female,11,Married,1,1
1034,55,Male,18,Married,4,3
1035,41,Female,7,Divorced,2,3
1036,38,Male,3,Single,3,3
1037,26,Male,29,Single,4,3
1038,52,Female,2,Married,4,3
1039,44,Female,28,Married,3,3
1040,50,Female,1,Married,1,3
1042,36,Female,16,Single,3,3
1043,39,Female,22,Single,3,3
1044,33,Female,8,Single,4,2
1045,45,Female,11,Married,2,4
1046,32,Female,29,Single,2,3
1047,34,Male,1,Divorced,4,2
1048,59,Male,1,Married,3,1
1049,45,Male,24,Single,1,3
1050,53,Female,2,Married,1,3
1052,36,Male,15,Divorced,2,2
1053,26,Male,2,Married,2,3
1055,34,Female,10,Married,4,3
1056,28,Male,10,Married,2,3
1060,38,Male,3,Married,1,3
1061,50,Male,2,Married,4,2
1062,37,Female,3,Single,1,2
1066,40,Male,26,Married,2,2
1068,26,Female,1,Divorced,3,3
1069,46,Male,1,Divorced,4,3
1070,54,Female,2,Married,2,3
1071,56,Female,9,Married,2,3
1073,36,Female,12,Single,2,2
1074,55,Male,2,Single,2,4
1076,43,Male,25,Divorced,3,3
1077,20,Female,9,Single,2,3
1079,21,Female,10,Single,1,2
1080,46,Female,8,Divorced,1,3
1081,51,Male,4,Married,3,4
1082,28,Male,24,Single,1,2
1083,26,Male,1,Married,1,3
1084,30,Male,20,Married,3,2
1085,41,Female,7,Married,3,3
1088,38,Female,17,Married,1,2
1092,40,Male,20,Married,4,3
1094,27,Male,8,Married,4,3
1096,55,Male,2,Married,2,3
1097,28,Female,10,Single,4,4
1098,44,Male,1,Married,4,3
1099,33,Male,5,Divorced,3,3
1100,35,Male,4,Single,1,3
1101,33,Female,29,Single,2,3
1102,28,Male,15,Divorced,4,2
1103,34,Male,3,Single,3,2
1105,37,Female,10,Divorced,3,3
1106,25,Male,4,Married,2,4
1107,26,Male,21,Divorced,3,2
1108,33,Male,25,Single,2,3
1109,42,Male,2,Married,4,3
1111,28,Male,1,Divorced,1,3
1113,50,Male,1,Single,4,3
1114,33,Female,7,Married,3,3
1115,34,Male,3,Married,4,3
1116,48,Male,1,Single,3,2
1117,45,Female,9,Married,4,3
1118,52,Male,7,Single,4,3
1119,38,Male,10,Divorced,2,3
1120,29,Female,28,Divorced,1,3
1121,28,Female,3,Divorced,2,2
1124,46,Male,3,Married,4,3
1125,38,Male,2,Single,3,3
1126,43,Female,27,Married,3,3
1127,39,Male,2,Divorced,4,3
1128,40,Male,14,Single,1,4
1131,21,Female,1,Single,3,4
1132,39,Male,9,Single,3,2
1133,36,Male,18,Single,1,3
1135,31,Male,20,Married,1,3
1136,28,Male,2,Married,1,1
1137,35,Male,11,Divorced,4,3
1138,49,Male,8,Married,2,3
1140,34,Male,2,Single,4,2
1143,29,Female,10,Divorced,4,2
1148,42,Male,29,Single,1,3
1150,29,Male,8,Married,3,2
1152,38,Male,1,Married,4,4
1154,28,Male,6,Divorced,4,3
1156,18,Male,8,Single,4,3
1157,33,Female,9,Single,1,3
1158,41,Male,12,Married,1,3
1160,31,Male,15,Married,3,2
1161,37,Female,25,Divorced,3,3
1162,27,Male,6,Married,3,3
1163,34,Female,9,Married,1,2
1164,35,Male,8,Single,2,1
1165,29,Female,23,Married,1,1
1166,40,Female,9,Single,3,2
1167,42,Male,12,Single,2,2
1171,42,Male,4,Single,4,4
1172,35,Male,1,Married,2,3
1173,24,Male,24,Single,4,3
1175,28,Female,12,Married,4,2
1177,26,Male,3,Married,2,3
1179,30,Male,10,Married,1,3
1180,40,Female,26,Married,4,1
1182,35,Male,2,Divorced,2,4
1184,34,Male,1,Single,3,3
1185,35,Male,4,Married,2,4
1188,43,Female,9,Single,2,2
1190,32,Female,2,Divorced,3,3
1191,56,Female,4,Divorced,4,3
1192,29,Female,6,Married,1,3
1193,19,Male,9,Single,3,3
1195,45,Female,7,Married,3,2
1196,37,Female,1,Married,2,2
1198,20,Male,3,Single,1,2
1200,44,Male,10,Single,3,3
1201,53,Female,7,Divorced,2,3
1202,29,Female,15,Married,1,2
1203,22,Male,3,Married,2,3
1204,46,Female,2,Married,1,3
1206,44,Male,17,Single,4,3
1207,33,Male,2,Married,4,3
1210,41,Male,5,Divorced,1,1
1211,30,Male,29,Divorced,3,3
1212,40,Male,2,Married,4,3
1215,50,Female,2,Married,3,3
1216,28,Male,19,Married,3,3
1217,46,Male,15,Married,1,3
1218,35,Male,17,Married,4,3
1219,24,Female,17,Married,1,1
1220,33,Female,25,Married,1,2
1221,36,Male,6,Divorced,3,3
1224,30,Male,7,Divorced,1,2
1225,44,Male,29,Single,2,3
1226,20,Male,21,Single,4,3
1228,46,Male,2,Divorced,3,2
1231,42,Male,2,Married,1,4
1233,60,Male,7,Divorced,2,3
1234,32,Female,13,Married,3,3
1235,32,Female,2,Single,4,3
1237,36,Female,1,Divorced,3,3
1238,33,Male,9,Married,2,3
1239,40,Female,10,Divorced,2,4
1240,25,Male,10,Single,2,3
1241,30,Male,1,Married,1,3
1242,42,Female,26,Married,3,3
1243,35,Female,8,Married,2,2
1244,27,Male,14,Married,4,2
1245,54,Female,1,Divorced,1,1
1246,44,Female,2,Married,4,3
1248,19,Female,10,Single,2,4
1249,29,Female,1,Divorced,1,3
1250,54,Male,3,Married,1,3
1251,31,Male,11,Married,4,2
1252,31,Female,24,Single,2,3
1254,59,Female,3,Single,4,3
1255,43,Male,3,Married,2,3
1256,49,Male,4,Married,3,4
1257,36,Male,3,Married,3,2
1258,48,Male,2,Single,3,2
1259,27,Male,4,Divorced,2,3
1260,29,Male,7,Divorced,2,3
1263,48,Male,1,Single,3,4
1264,29,Female,1,Divorced,2,2
1265,34,Female,20,Married,4,2
1267,44,Male,5,Married,3,3
1268,33,Male,10,Divorced,4,3
1269,19,Female,25,Single,4,3
1270,23,Male,1,Married,4,3
1273,25,Male,24,Single,4,3
1275,26,Male,4,Single,2,2
1277,45,Female,2,Single,1,3
1278,55,Male,8,Divorced,4,3
1279,21,Female,10,Single,3,1
1280,46,Female,4,Married,3,3
1281,34,Female,2,Single,4,3
1282,51,Male,9,Divorced,1,2
1283,59,Male,18,Single,4,2
1285,34,Female,19,Divorced,3,4
1286,28,Male,1,Single,3,2
1288,44,Male,4,Divorced,4,2
1289,34,Male,11,Married,4,4
1291,35,Male,6,Married,4,3
1292,42,Female,7,Married,4,3
1293,43,Female,4,Single,4,4
1294,36,Female,2,Single,4,3
1295,44,Female,15,Married,4,3
1296,28,Male,2,Married,2,3
1297,51,Female,6,Single,2,2
1298,30,Female,9,Single,3,3
1299,29,Female,7,Divorced,1,3
1301,28,Male,1,Single,2,2
1303,25,Female,1,Single,4,2
1304,32,Male,8,Married,3,4
1306,45,Female,25,Single,3,3
1307,39,Female,13,Divorced,4,3
1308,58,Male,23,Divorced,4,3
1309,32,Male,7,Married,1,3
1310,39,Male,23,Single,1,3
1311,30,Female,6,Married,1,3
1312,36,Female,10,Married,1,3
1314,46,Female,1,Single,3,4
1315,28,Female,1,Married,1,3
1317,50,Female,28,Married,2,3
1318,40,Male,25,Single,3,3
1319,52,Male,5,Single,3,2
1321,30,Female,17,Married,4,3
1322,39,Male,18,Single,1,3
1324,31,Female,2,Divorced,1,2
1329,41,Male,10,Single,1,3
1331,31,Female,1,Single,1,4
1333,44,Male,3,Married,3,4
1334,42,Male,2,Married,4,2
1336,55,Female,2,Married,4,3
1338,56,Male,8,Single,1,3
1340,40,Male,16,Divorced,2,3
1344,34,Male,9,Divorced,4,2
1346,40,Male,2,Single,3,3
1349,41,Female,1,Divorced,4,3
1350,35,Male,4,Single,2,3
1352,51,Male,5,Divorced,2,3
1355,38,Female,2,Divorced,4,3
1356,34,Female,15,Single,4,4
1358,25,Male,19,Married,3,2
1360,58,Female,7,Married,4,2
1361,40,Male,1,Married,3,3
1362,36,Female,7,Married,4,2
1363,48,Male,4,Single,3,3
1364,27,Female,11,Married,2,3
1367,51,Female,11,Single,2,2
1368,18,Female,1,Single,3,4
1369,35,Female,1,Married,2,3
1371,27,Male,2,Single,2,3
1372,55,Male,13,Single,3,2
1373,56,Male,23,Married,1,3
1374,34,Female,26,Divorced,3,3
1375,40,Female,2,Divorced,2,3
1377,34,Male,29,Married,1,3
1379,31,Female,2,Single,3,4
1380,35,Female,18,Married,3,2
1382,38,Male,7,Divorced,4,3
1383,34,Female,2,Single,4,4
1387,28,Male,26,Married,3,3
1389,31,Male,22,Married,4,2
1390,39,Male,21,Married,4,4
1391,51,Male,2,Married,2,3
1392,41,Female,22,Divorced,1,2
1394,37,Male,4,Married,4,3
1395,33,Male,5,Married,1,4
1396,32,Male,2,Married,1,2
1397,39,Male,25,Married,2,3
1399,25,Male,18,Married,2,2
1401,52,Female,28,Married,2,2
1402,43,Female,6,Single,1,1
1403,27,Female,10,Married,4,3
1405,27,Female,17,Single,4,3
1407,26,Male,2,Single,4,3
1408,42,Female,10,Married,3,3
1409,52,Female,8,Married,3,1
1411,37,Female,11,Single,1,3
1412,35,Male,18,Single,3,3
1415,25,Male,1,Married,2,2
1417,26,Male,7,Single,4,3
1419,29,Male,17,Single,1,2
1420,49,Male,28,Single,1,3
1421,29,Female,14,Single,1,3
1422,54,Female,1,Single,4,2
1423,58,Female,1,Married,3,3
1424,55,Male,1,Divorced,4,4
1425,36,Female,3,Single,4,3
1427,31,Female,1,Single,2,3
1428,30,Female,7,Divorced,2,3
1430,31,Female,8,Single,3,4
1431,34,Male,1,Divorced,3,3
1433,31,Female,8,Single,3,4
1434,27,Male,11,Married,2,4
1435,36,Male,4,Single,3,2
1436,36,Female,16,Married,1,2
1438,47,Male,1,Married,3,2
1439,25,Male,9,Married,1,3
1440,37,Male,5,Single,1,1
1441,56,Female,1,Married,4,4
1443,47,Female,2,Married,2,4
1445,24,Female,4,Married,3,3
1446,32,Male,7,Married,3,2
1447,34,Female,1,Married,1,2
1448,41,Male,5,Married,1,2
1449,40,Male,9,Divorced,3,4
1453,31,Male,8,Divorced,1,3
1457,46,Male,9,Divorced,1,4
1458,39,Female,2,Single,2,4
1459,31,Female,1,Single,1,3
1460,45,Male,20,Divorced,2,3
1461,31,Female,8,Single,4,3
1464,31,Male,2,Married,3,1
1465,45,Male,29,Married,4,4
1466,48,Male,7,Divorced,1,3
1467,34,Female,9,Married,4,3
1468,40,Male,8,Divorced,3,3
1469,28,Male,5,Single,4,3
1471,44,Male,5,Single,4,3
1472,53,Male,2,Single,2,2
1473,49,Male,5,Married,2,2
1474,40,Male,2,Divorced,3,4
1475,44,Male,20,Single,3,2
1477,33,Male,7,Married,1,3
1478,34,Male,3,Single,4,3
1479,30,Male,16,Married,3,2
1480,42,Female,9,Single,3,3
1481,44,Female,1,Married,3,2
1482,30,Male,7,Divorced,2,2
1483,57,Male,1,Married,1,2
1484,49,Male,7,Divorced,2,3
1485,34,Male,15,Divorced,4,2
1486,28,Male,1,Married,4,4
1487,29,Female,13,Single,1,1
1489,34,Female,24,Single,3,4
1492,35,Male,7,Married,1,3
1494,24,Male,9,Single,3,2
1495,24,Female,13,Married,3,3
1496,44,Male,2,Single,2,2
1497,29,Male,19,Divorced,3,3
1499,30,Male,1,Divorced,1,4
1501,55,Male,4,Married,2,3
1502,33,Female,4,Married,4,3
1503,47,Female,14,Married,3,2
1504,28,Male,2,Single,3,2
1506,28,Male,1,Divorced,4,1
1507,28,Male,7,Single,4,3
1509,49,Female,3,Married,1,3
1513,29,Female,2,Married,3,3
1514,28,Male,29,Married,2,2
1515,33,Male,8,Single,1,3
1516,32,Male,10,Single,2,4
1520,54,Female,11,Divorced,1,3
1522,29,Male,1,Single,3,1
1523,44,Male,28,Married,3,4
1525,39,Female,6,Single,4,3
1527,46,Female,3,Married,4,4
1529,35,Female,16,Single,4,1
1533,23,Male,20,Single,2,3
1534,40,Male,9,Single,2,1
1535,34,Male,1,Married,4,3
1537,31,Female,3,Single,1,1
1539,50,Male,22,Single,4,3
1541,34,Male,7,Married,2,3
1542,42,Male,2,Married,2,3
1543,37,Male,13,Married,1,3
1544,29,Female,8,Married,3,3
1545,33,Male,25,Single,4,3
1546,45,Male,28,Married,4,3
1547,42,Male,2,Married,3,1
1548,40,Male,9,Married,4,4
1549,33,Male,28,Married,2,3
1550,40,Male,6,Single,4,3
1551,24,Male,21,Divorced,2,3
1552,40,Male,8,Divorced,3,3
1553,45,Male,1,Divorced,1,3
1554,35,Female,28,Married,1,3
1555,32,Female,5,Married,1,3
1556,36,Male,2,Single,4,2
1557,48,Female,16,Divorced,3,3
1558,29,Male,9,Married,1,2
1560,33,Male,8,Married,4,1
1562,30,Male,1,Married,4,3
1563,38,Male,10,Married,3,3
1564,35,Male,1,Single,2,3
1568,30,Male,29,Married,2,3
1569,35,Female,2,Divorced,4,3
1572,53,Female,2,Married,2,3
1573,38,Male,2,Married,1,3
1574,32,Male,1,Married,2,2
1576,48,Female,15,Married,4,2
1577,34,Male,7,Single,3,1
1578,55,Male,26,Married,3,3
1580,34,Male,1,Married,2,2
1581,26,Female,3,Married,1,3
1582,38,Male,14,Married,4,3
1583,38,Female,16,Single,2,4
1585,36,Female,1,Single,1,3
1586,29,Male,3,Single,4,3
1587,35,Female,10,Single,3,3
1588,39,Male,6,Married,1,3
1590,29,Male,2,Divorced,4,4
1591,50,Male,9,Married,3,3
1592,23,Male,10,Married,4,3
1594,36,Male,6,Married,4,3
1595,42,Male,9,Single,4,3
1596,35,Male,28,Married,4,2
1597,34,Male,10,Married,2,2
1598,40,Female,14,Married,3,3
1599,43,Male,27,Divorced,3,3
1601,35,Male,7,Married,4,2
1602,46,Male,1,Single,2,1
1604,28,Male,24,Married,3,3
1605,22,Female,26,Married,2,2
1606,50,Male,20,Married,3,3
1607,32,Female,5,Married,4,3
1608,44,Female,7,Divorced,4,2
1609,30,Male,7,Married,2,2
1611,45,Female,5,Single,1,3
1612,45,Male,26,Married,1,3
1613,31,Male,2,Single,4,3
1614,36,Female,12,Married,2,3
1615,34,Male,10,Divorced,1,3
1617,49,Female,25,Married,4,2
1618,39,Male,10,Married,4,3
1619,27,Male,19,Divorced,1,3
1621,35,Male,18,Married,4,3
1622,28,Female,27,Divorced,2,2
1623,21,Male,5,Single,3,3
1624,18,Female,3,Single,3,4
1625,47,Female,26,Married,3,3
1627,39,Male,3,Divorced,4,3
1628,40,Female,15,Married,4,3
1630,35,Female,8,Married,4,3
1631,37,Male,19,Married,1,2
1633,39,Female,4,Single,4,1
1635,45,Female,2,Divorced,1,3
1638,38,Female,2,Married,4,4
1639,35,Male,10,Married,3,3
1640,37,Female,10,Married,1,1
1641,40,Female,16,Single,4,2
1642,44,Male,1,Married,3,3
1644,48,Male,4,Married,2,3
1645,35,Male,15,Divorced,4,2
1646,24,Female,2,Single,3,3
1647,27,Female,8,Married,1,3
1648,27,Male,2,Single,3,2
1649,40,Male,7,Single,2,1
1650,29,Male,10,Single,3,3
1651,36,Female,5,Married,3,3
1653,25,Male,2,Divorced,3,3
1654,39,Male,12,Married,3,3
1655,49,Female,22,Married,2,3
1656,50,Female,17,Divorced,3,3
1657,20,Female,2,Single,1,3
1658,34,Female,3,Divorced,3,3
1659,36,Male,7,Single,3,3
1661,49,Female,6,Married,2,3
1662,36,Female,1,Married,3,3
1664,36,Male,3,Divorced,1,3
1665,54,Female,22,Married,3,3
1666,43,Male,15,Married,1,3
1667,35,Male,12,Single,1,4
1668,38,Male,1,Married,4,4
1669,29,Male,5,Divorced,2,2
1670,33,Male,2,Divorced,3,3
1671,32,Male,2,Divorced,3,2
1673,31,Female,5,Married,1,3
1674,49,Female,16,Divorced,2,2
1675,38,Female,2,Single,2,3
1676,47,Female,2,Divorced,3,3
1677,49,Male,1,Single,1,3
1678,41,Male,23,Single,4,3
1680,20,Male,9,Single,1,3
1681,33,Female,16,Divorced,3,3
1682,36,Male,26,Married,2,2
1683,44,Female,1,Divorced,1,3
1684,23,Male,8,Single,1,3
1687,38,Female,4,Married,4,2
1689,53,Male,24,Married,3,3
1691,48,Female,7,Married,3,3
1692,32,Male,2,Single,1,3
1693,26,Male,7,Single,3,3
1694,55,Male,22,Divorced,4,3
1696,34,Male,5,Married,3,4
1697,60,Male,1,Divorced,3,4
1698,33,Male,21,Married,4,3
1700,37,Male,1,Divorced,3,2
1701,34,Female,19,Married,2,3
1702,23,Male,7,Divorced,2,3
1703,44,Female,2,Married,2,3
1704,35,Male,2,Single,3,4
1706,43,Male,2,Married,1,3
1707,24,Male,9,Married,4,3
1708,41,Male,6,Single,2,3
1709,29,Female,9,Married,3,3
1710,36,Female,2,Single,3,2
1712,45,Male,1,Married,4,2
1714,24,Male,22,Married,3,3
1716,47,Male,9,Married,3,1
1718,26,Male,17,Married,3,4
1719,45,Female,28,Single,3,3
1720,32,Male,10,Married,1,2
1721,31,Male,2,Married,4,4
1722,41,Male,4,Married,2,3
1724,40,Female,8,Married,2,3
1725,24,Male,29,Divorced,2,4
1727,46,Male,13,Single,4,3
1728,35,Male,27,Married,2,3
1729,30,Male,16,Married,2,2
1731,47,Male,2,Married,4,1
1732,46,Male,2,Divorced,2,2
1733,36,Male,13,Divorced,2,3
1734,32,Male,1,Single,2,3
1735,23,Female,4,Single,3,1
1736,31,Female,24,Single,4,2
1737,39,Male,1,Married,4,3
1739,32,Male,19,Married,3,1
1740,40,Male,7,Single,2,2
1744,45,Female,4,Married,3,4
1745,30,Female,2,Single,4,3
1746,24,Male,10,Married,4,3
1747,30,Female,8,Divorced,3,2
1749,31,Male,5,Married,3,3
1751,27,Female,8,Single,3,2
1752,29,Female,9,Single,3,3
1753,29,Male,1,Single,4,4
1754,30,Male,15,Divorced,1,3
1755,34,Male,2,Married,1,3
1756,33,Female,2,Single,4,2
1757,49,Female,11,Single,3,4
1758,33,Female,16,Single,3,2
1760,38,Female,2,Married,2,2
1761,31,Male,16,Married,1,3
1762,29,Female,4,Divorced,3,3
1763,30,Male,16,Married,3,3
1764,32,Male,5,Single,2,3
1766,38,Male,18,Married,3,3
1767,43,Male,17,Married,4,3
1768,42,Male,12,Divorced,2,2
1770,55,Male,2,Married,2,3
1771,33,Male,4,Divorced,4,2
1772,41,Male,9,Divorced,2,3
1774,34,Male,10,Divorced,3,3
1775,53,Female,1,Married,4,2
1778,43,Male,2,Single,2,3
1779,34,Female,3,Single,1,3
1780,21,Male,7,Single,2,3
1782,38,Female,6,Married,2,3
1783,22,Female,8,Married,3,3
1784,31,Female,29,Married,1,3
1786,51,Female,3,Married,4,3
1787,37,Male,9,Married,1,3
1789,46,Male,2,Divorced,3,3
1790,36,Male,10,Married,4,3
1792,44,Male,1,Divorced,3,2
1794,37,Male,8,Divorced,3,2
1797,35,Male,27,Single,4,3
1798,33,Male,8,Married,2,3
1799,28,Male,1,Married,3,4
1800,39,Male,10,Single,3,3
1801,46,Male,26,Single,3,3
1802,40,Female,2,Married,4,2
1803,42,Male,13,Married,3,2
1804,35,Male,2,Divorced,3,3
1805,38,Male,2,Divorced,4,3
1807,34,Male,9,Married,3,2
1809,37,Male,10,Single,2,1
1812,39,Male,20,Divorced,4,3
1813,43,Male,9,Single,3,2
1814,41,Male,5,Single,1,1
1815,41,Female,4,Divorced,4,4
1816,30,Female,10,Single,2,3
1818,26,Female,20,Married,3,3
1821,46,Female,21,Married,4,4
1822,40,Female,1,Divorced,4,3
1823,34,Male,8,Married,3,3
1824,58,Male,2,Divorced,4,2
1826,35,Male,23,Married,2,4
1827,47,Female,4,Divorced,3,3
1829,40,Female,12,Divorced,2,3
1830,54,Female,7,Married,2,2
1833,31,Female,7,Married,4,3
1834,28,Female,1,Married,3,3
1835,38,Female,2,Married,1,2
1836,26,Male,10,Single,1,3
1837,58,Male,15,Married,2,3
1839,18,Female,14,Single,3,1
1842,31,Male,18,Married,3,3
1844,29,Male,13,Divorced,4,3
1845,45,Female,2,Married,2,4
1847,36,Female,2,Married,4,3
1849,43,Male,2,Married,3,3
1850,27,Female,5,Single,3,2
1852,29,Male,20,Married,2,4
1853,32,Male,10,Single,3,4
1854,42,Male,10,Married,2,2
1856,47,Female,9,Single,3,3
1857,46,Male,2,Divorced,3,2
1858,28,Male,1,Divorced,2,3
1859,29,Male,29,Divorced,4,3
1860,42,Male,8,Single,4,3
1862,32,Male,2,Single,3,2
1863,46,Female,3,Divorced,4,3
1864,27,Female,23,Married,4,3
1865,29,Male,6,Married,4,3
1866,43,Female,6,Married,4,3
1867,48,Male,10,Married,4,3
1868,29,Male,24,Single,2,2
1869,46,Female,10,Married,3,3
1870,27,Female,15,Married,4,2
1871,39,Male,19,Divorced,2,3
1873,55,Male,2,Married,2,4
1875,28,Female,3,Married,4,3
1876,30,Male,9,Single,3,2
1878,22,Male,7,Single,1,3
1880,36,Female,10,Married,1,3
1881,31,Male,20,Divorced,1,3
1882,34,Male,4,Married,4,3
1883,29,Male,7,Single,2,3
1885,37,Male,7,Married,3,3
1886,35,Female,16,Married,4,3
1888,45,Female,25,Married,4,2
1890,36,Male,2,Single,4,2
1892,40,Male,1,Divorced,1,3
1893,26,Female,1,Married,3,2
1898,27,Female,2,Single,2,2
1900,48,Female,22,Divorced,2,3
1903,44,Male,1,Married,4,3
1905,34,Male,16,Married,2,3
1907,56,Male,24,Single,4,3
1908,36,Male,17,Married,3,1
1909,41,Female,8,Married,3,3
1911,42,Male,6,Married,2,4
1912,31,Female,10,Divorced,4,3
1915,34,Female,3,Married,3,2
1916,31,Female,4,Divorced,2,2
1918,26,Male,6,Married,1,3
1922,45,Male,1,Single,3,3
1924,33,Male,10,Single,2,2
1927,28,Male,1,Married,3,3
1928,29,Male,24,Single,4,3
1929,39,Female,21,Married,3,3
1931,27,Male,2,Married,3,2
1932,34,Male,22,Married,2,3
1933,28,Female,13,Single,4,3
1934,47,Male,14,Married,3,4
1935,56,Female,11,Married,3,3
1936,39,Male,9,Married,4,3
1937,38,Female,8,Divorced,3,3
1938,58,Female,21,Married,3,2
1939,32,Female,5,Single,1,3
1940,38,Male,9,Divorced,4,4
1941,49,Male,2,Married,4,3
1943,42,Male,12,Divorced,3,3
1944,27,Female,22,Married,1,3
1945,35,Male,18,Married,4,1
1947,28,Male,16,Single,3,2
1948,31,Male,3,Divorced,4,4
1949,36,Male,9,Married,2,3
1950,34,Male,1,Single,1,2
1951,34,Male,13,Divorced,3,2
1952,26,Male,1,Single,4,2
1954,29,Male,1,Married,1,2
1955,32,Female,15,Divorced,2,3
1956,31,Male,1,Married,2,3
1960,28,Male,17,Divorced,1,2
1961,38,Male,1,Single,1,2
1962,35,Female,7,Married,4,3
1965,27,Male,9,Single,1,3
1966,32,Male,5,Single,2,3
1967,31,Male,26,Married,3,3
1968,53,Male,24,Single,2,2
1969,54,Female,9,Married,3,2
1970,33,Male,7,Divorced,3,3
1971,43,Male,11,Married,2,3
1972,38,Male,1,Married,2,3
1973,55,Male,26,Married,1,3
1974,31,Female,2,Divorced,3,3
1975,39,Male,15,Single,1,3
1976,42,Male,23,Single,4,3
1979,31,Female,10,Married,3,4
1980,54,Female,10,Single,4,3
1981,24,Male,1,Single,2,2
1982,23,Male,12,Single,3,4
1985,40,Female,11,Married,1,4
1986,40,Female,2,Married,3,3
1987,25,Female,2,Married,3,3
1989,30,Male,1,Married,3,2
1992,25,Male,2,Divorced,3,2
1993,47,Male,25,Single,2,3
1994,33,Male,1,Divorced,3,2
1995,38,Male,1,Married,1,3
1996,31,Male,2,Married,3,3
1997,38,Male,6,Married,4,3
1998,42,Male,18,Divorced,3,2
1999,41,Male,1,Married,1,3
2000,47,Female,1,Married,1,1
2003,35,Male,11,Married,3,3
2007,22,Male,1,Single,4,4
2008,35,Male,9,Single,2,3
2009,33,Female,15,Married,1,3
2010,32,Female,29,Single,3,3
2012,40,Male,1,Married,3,2
2013,32,Male,1,Married,2,3
2014,39,Male,24,Single,1,3
2015,38,Female,10,Married,1,3
2016,32,Female,1,Married,3,3
2017,37,Female,10,Married,1,3
2018,25,Female,8,Divorced,2,2
2019,52,Male,29,Divorced,2,2
2020,44,Male,1,Single,3,3
2021,21,Male,5,Single,4,3
2022,39,Male,9,Single,3,2
2023,23,Male,9,Married,1,2
2024,36,Female,3,Married,3,3
2025,36,Female,4,Divorced,2,3
2026,56,Male,1,Divorced,1,2
2027,29,Male,1,Married,2,4
2031,42,Male,2,Married,1,2
2032,56,Male,7,Married,4,1
2034,41,Female,28,Married,3,3
2035,34,Female,28,Married,4,3
2036,36,Male,15,Divorced,1,2
2037,41,Male,3,Divorced,3,3
2038,32,Male,2,Single,4,3
2040,35,Female,26,Single,3,3
2041,38,Female,10,Married,3,3
2044,50,Male,1,Divorced,4,3
2045,36,Female,11,Married,1,2
2046,45,Female,20,Single,3,3
2048,40,Male,2,Single,4,3
2049,35,Male,18,Married,4,4
2051,40,Female,2,Married,2,3
2052,35,Female,1,Married,4,3
2053,29,Male,13,Married,1,3
2054,29,Female,28,Single,2,1
2055,50,Male,28,Divorced,2,3
2056,39,Female,24,Married,1,2
2057,31,Male,5,Single,2,3
2060,26,Female,5,Single,4,3
2061,36,Male,23,Married,3,3
2062,39,Male,6,Married,1,3
2064,27,Male,4,Married,2,3
2065,49,Male,2,Married,4,2
2068,34,Male,8,Married,1,4
