employeeID,Age,Attrition,DistanceFromHome,Over18,MaritalStatus,Gender,EmployeeNumber
1,41,Yes,1,Y,Single,Female,1
2,49,No,8,Y,Married,Male,2
3,37,Yes,2,Y,Single,Male,4
4,33,No,3,Y,Married,Female,5
5,27,No,2,Y,Married,Male,7
6,32,No,2,Y,Single,Male,8
7,59,No,3,Y,Married,Female,10
8,30,No,24,Y,Divorced,Male,11
9,38,No,23,Y,Single,Male,12
10,36,No,27,Y,Married,Male,13
11,35,No,16,Y,Married,Male,14
12,29,No,15,Y,Single,Female,15
13,31,No,26,Y,Divorced,Male,16
14,34,No,19,Y,Divorced,Male,18
15,28,Yes,24,Y,Single,Male,19
16,29,No,21,Y,Divorced,Female,20
17,32,No,5,Y,Divorced,Male,21
18,22,No,16,Y,Divorced,Male,22
19,53,No,2,Y,Married,Female,23
20,38,No,2,Y,Single,Male,24
21,24,No,11,Y,Divorced,Female,26
22,36,Yes,9,Y,Single,Male,27
23,34,No,7,Y,Single,Female,28
24,21,No,15,Y,Single,Male,30
25,34,Yes,6,Y,Single,Male,31
26,53,No,5,Y,Divorced,Female,32
27,32,Yes,16,Y,Single,Female,33
28,42,No,8,Y,Married,Male,35
29,44,No,7,Y,Married,Female,36
30,46,No,2,Y,Single,Female,38
31,33,No,2,Y,Single,Male,39
32,44,No,10,Y,Married,Male,40
33,30,No,9,Y,Single,Male,41
34,39,Yes,5,Y,Married,Male,42
35,24,Yes,1,Y,Married,Male,45
36,43,No,2,Y,Divorced,Female,46
37,50,Yes,3,Y,Married,Male,47
38,35,No,2,Y,Married,Female,49
39,36,No,5,Y,Married,Female,51
40,33,No,1,Y,Married,Female,52
41,35,No,4,Y,Divorced,Male,53
42,27,No,2,Y,Divorced,Female,54
43,26,Yes,25,Y,Single,Male,55
44,27,No,8,Y,Single,Male,56
45,30,No,1,Y,Single,Female,57
46,41,Yes,12,Y,Married,Female,58
47,34,No,23,Y,Single,Male,60
48,37,No,19,Y,Married,Male,61
49,46,No,5,Y,Single,Male,62
50,35,No,8,Y,Married,Male,63
51,48,Yes,1,Y,Single,Male,64
52,28,Yes,5,Y,Single,Male,65
53,44,No,1,Y,Divorced,Female,68
54,35,No,11,Y,Married,Male,70
55,26,No,23,Y,Married,Female,72
56,33,No,1,Y,Single,Female,73
57,35,No,18,Y,Married,Male,74
58,35,No,23,Y,Married,Female,75
59,31,No,7,Y,Divorced,Male,76
60,37,No,1,Y,Divorced,Male,77
61,32,No,1,Y,Married,Male,78
62,38,No,29,Y,Single,Female,79
63,50,No,7,Y,Divorced,Female,80
64,59,No,25,Y,Single,Female,81
65,36,No,8,Y,Divorced,Female,83
66,55,No,8,Y,Divorced,Female,84
67,36,No,11,Y,Single,Male,85
68,45,No,7,Y,Divorced,Male,86
69,35,No,1,Y,Married,Male,88
70,36,Yes,9,Y,Married,Male,90
71,59,No,1,Y,Single,Female,91
72,29,No,2,Y,Married,Male,94
73,31,No,1,Y,Single,Male,95
74,32,No,1,Y,Married,Male,96
75,36,No,6,Y,Married,Female,97
76,31,No,8,Y,Single,Female,98
77,35,No,1,Y,Single,Male,100
78,45,No,6,Y,Married,Male,101
79,37,No,7,Y,Single,Male,102
80,46,No,5,Y,Divorced,Male,103
81,30,No,1,Y,Married,Male,104
82,35,No,1,Y,Single,Male,105
83,55,No,1,Y,Married,Male,106
84,38,No,6,Y,Divorced,Female,107
85,34,No,1,Y,Married,Male,110
86,56,No,7,Y,Single,Male,112
87,23,No,2,Y,Divorced,Male,113
88,51,No,9,Y,Married,Male,116
89,30,No,2,Y,Married,Male,117
90,46,Yes,9,Y,Single,Male,118
91,40,No,1,Y,Married,Male,119
92,51,No,21,Y,Single,Male,120
93,30,No,4,Y,Divorced,Female,121
94,46,No,1,Y,Married,Male,124
95,32,No,6,Y,Single,Male,125
96,54,No,2,Y,Married,Female,126
97,24,No,3,Y,Married,Female,128
98,28,No,4,Y,Married,Male,129
99,58,No,10,Y,Single,Male,131
100,44,No,23,Y,Married,Male,132
101,37,Yes,6,Y,Divorced,Male,133
102,32,No,1,Y,Single,Male,134
103,20,Yes,6,Y,Single,Female,137
104,34,No,6,Y,Single,Female,138
105,37,No,2,Y,Divorced,Male,139
106,59,No,2,Y,Married,Female,140
107,50,No,1,Y,Married,Female,141
108,25,Yes,5,Y,Single,Male,142
109,25,No,7,Y,Married,Male,143
110,22,No,15,Y,Single,Female,144
111,51,No,1,Y,Single,Female,145
112,34,Yes,7,Y,Single,Male,147
113,54,No,26,Y,Single,Female,148
114,24,No,18,Y,Married,Male,150
115,34,No,6,Y,Divorced,Female,151
116,37,No,3,Y,Single,Male,152
117,34,No,5,Y,Single,Female,153
118,36,No,11,Y,Married,Female,154
119,36,No,3,Y,Divorced,Female,155
120,43,No,26,Y,Married,Male,158
121,30,No,23,Y,Divorced,Male,159
122,33,No,22,Y,Married,Male,160
123,56,Yes,14,Y,Married,Female,161
124,51,No,6,Y,Single,Male,162
125,31,Yes,6,Y,Married,Male,163
126,26,No,6,Y,Married,Female,164
127,58,Yes,23,Y,Married,Female,165
128,19,Yes,22,Y,Single,Male,167
129,22,No,2,Y,Married,Male,169
130,49,No,20,Y,Married,Female,170
131,43,No,28,Y,Single,Female,171
132,50,No,12,Y,Single,Female,174
133,31,Yes,20,Y,Married,Female,175
134,41,No,9,Y,Divorced,Male,176
135,26,No,25,Y,Married,Female,177
136,36,No,6,Y,Divorced,Male,178
137,51,Yes,8,Y,Single,Male,179
138,39,No,4,Y,Married,Female,182
139,25,No,28,Y,Married,Male,183
140,30,No,9,Y,Married,Male,184
141,32,Yes,9,Y,Single,Female,190
142,45,No,29,Y,Single,Male,192
143,38,No,3,Y,Single,Female,193
144,30,No,18,Y,Single,Female,194
145,32,No,9,Y,Divorced,Male,195
146,30,No,5,Y,Divorced,Female,197
147,30,No,2,Y,Single,Male,198
148,41,No,10,Y,Divorced,Male,199
149,41,No,9,Y,Married,Male,200
150,19,No,3,Y,Single,Female,201
151,40,No,26,Y,Divorced,Female,202
152,35,No,1,Y,Married,Male,204
153,53,No,6,Y,Married,Male,205
154,45,No,9,Y,Divorced,Male,206
155,32,No,8,Y,Single,Female,207
156,29,No,1,Y,Married,Male,208
157,51,No,7,Y,Married,Male,211
158,58,No,9,Y,Married,Female,214
159,40,No,4,Y,Married,Male,215
160,34,No,2,Y,Married,Female,216
161,22,No,19,Y,Married,Male,217
162,27,No,9,Y,Divorced,Male,218
163,28,No,21,Y,Married,Male,221
164,57,No,24,Y,Divorced,Male,223
165,27,No,3,Y,Divorced,Male,224
166,50,No,11,Y,Single,Female,226
167,41,No,14,Y,Divorced,Male,227
168,30,No,5,Y,Married,Female,228
169,38,No,1,Y,Single,Female,230
170,32,No,6,Y,Single,Male,231
171,27,No,17,Y,Married,Male,233
172,19,Yes,1,Y,Single,Female,235
173,36,No,3,Y,Single,Male,238
174,30,No,9,Y,Divorced,Male,239
175,45,No,4,Y,Divorced,Female,240
176,56,No,8,Y,Divorced,Female,241
177,33,No,2,Y,Single,Male,242
178,19,Yes,2,Y,Single,Male,243
179,46,No,1,Y,Divorced,Female,244
180,38,No,9,Y,Single,Female,245
181,31,No,12,Y,Married,Female,246
182,34,No,27,Y,Single,Female,247
183,41,Yes,20,Y,Single,Female,248
184,50,No,1,Y,Married,Male,249
185,53,No,13,Y,Divorced,Female,250
186,33,No,14,Y,Married,Female,252
187,40,No,4,Y,Married,Female,253
188,55,No,14,Y,Single,Male,254
189,34,No,2,Y,Married,Male,256
190,51,No,3,Y,Single,Female,258
191,52,No,1,Y,Married,Male,259
192,27,No,9,Y,Single,Female,260
193,35,Yes,23,Y,Married,Male,261
194,43,No,7,Y,Divorced,Male,262
195,45,No,2,Y,Married,Male,264
196,37,No,21,Y,Married,Male,267
197,35,No,2,Y,Single,Female,269
198,42,No,21,Y,Divorced,Female,270
199,38,No,2,Y,Married,Male,271
200,38,No,29,Y,Married,Male,273
201,27,No,1,Y,Married,Male,274
202,49,No,18,Y,Divorced,Male,275
203,34,No,10,Y,Divorced,Male,277
204,40,No,19,Y,Married,Male,281
205,38,Yes,29,Y,Married,Male,282
206,29,Yes,27,Y,Married,Female,283
207,22,No,5,Y,Divorced,Male,284
208,36,No,18,Y,Single,Female,286
209,40,No,9,Y,Married,Male,287
210,46,No,1,Y,Divorced,Male,288
211,32,Yes,4,Y,Married,Male,291
212,30,No,1,Y,Single,Male,292
213,27,No,20,Y,Single,Female,293
214,51,No,8,Y,Married,Male,296
215,30,Yes,3,Y,Single,Female,297
216,41,No,6,Y,Single,Female,298
217,30,Yes,26,Y,Single,Female,299
218,29,Yes,1,Y,Single,Male,300
219,45,No,6,Y,Single,Female,302
220,54,No,3,Y,Married,Female,303
221,36,No,5,Y,Single,Male,304
222,33,No,4,Y,Married,Female,305
223,37,No,11,Y,Divorced,Male,306
224,38,No,3,Y,Divorced,Male,307
225,31,No,1,Y,Married,Male,308
226,59,No,3,Y,Married,Male,309
227,37,No,4,Y,Divorced,Male,311
228,29,No,1,Y,Married,Female,312
229,35,No,1,Y,Single,Female,314
230,29,Yes,18,Y,Single,Male,315
231,52,No,2,Y,Single,Female,316
232,42,No,4,Y,Married,Male,319
233,59,No,6,Y,Married,Male,321
234,50,No,1,Y,Divorced,Female,323
235,33,Yes,14,Y,Married,Male,325
236,43,No,16,Y,Married,Female,327
237,33,Yes,2,Y,Married,Female,328
238,52,No,2,Y,Single,Male,329
239,32,No,4,Y,Married,Female,330
240,32,Yes,1,Y,Single,Male,331
241,39,No,1,Y,Divorced,Female,332
242,32,No,26,Y,Married,Male,333
243,41,No,19,Y,Divorced,Male,334
244,40,No,24,Y,Divorced,Male,335
245,45,No,1,Y,Married,Male,336
246,31,No,3,Y,Divorced,Male,337
247,33,No,5,Y,Married,Female,338
248,34,No,2,Y,Married,Male,339
249,37,No,1,Y,Married,Female,340
250,45,No,7,Y,Married,Male,341
251,37,Yes,10,Y,Divorced,Male,342
252,39,No,2,Y,Single,Female,343
253,29,No,15,Y,Single,Male,346
254,42,No,17,Y,Single,Female,347
255,29,No,20,Y,Divorced,Male,349
256,25,No,1,Y,Married,Female,350
257,42,No,2,Y,Divorced,Female,351
258,40,No,2,Y,Divorced,Male,352
259,51,No,1,Y,Married,Male,353
260,31,Yes,29,Y,Single,Male,355
261,32,No,7,Y,Married,Male,359
262,38,No,2,Y,Married,Male,361
263,32,No,2,Y,Single,Male,362
264,46,No,2,Y,Married,Female,363
265,28,Yes,2,Y,Single,Male,364
266,29,No,2,Y,Married,Male,366
267,31,No,23,Y,Married,Male,367
268,25,No,5,Y,Divorced,Male,369
269,45,No,20,Y,Married,Male,372
270,36,No,6,Y,Married,Male,373
271,55,No,1,Y,Single,Male,374
272,47,Yes,29,Y,Married,Male,376
273,28,No,9,Y,Married,Male,377
274,37,No,6,Y,Married,Male,378
275,21,No,3,Y,Single,Male,379
276,37,No,1,Y,Divorced,Female,380
277,35,No,22,Y,Divorced,Female,381
278,38,No,7,Y,Divorced,Female,382
279,26,No,1,Y,Divorced,Female,384
280,50,No,4,Y,Divorced,Male,385
281,53,No,3,Y,Married,Male,386
282,42,No,1,Y,Married,Male,387
283,29,No,2,Y,Single,Male,388
284,55,No,20,Y,Married,Male,389
285,26,No,11,Y,Married,Male,390
286,37,No,1,Y,Single,Female,391
287,44,Yes,24,Y,Divorced,Male,392
288,38,No,23,Y,Divorced,Male,393
289,26,Yes,16,Y,Divorced,Male,394
290,28,No,8,Y,Single,Female,395
291,49,No,10,Y,Single,Female,396
292,36,No,3,Y,Single,Male,397
293,31,No,5,Y,Divorced,Female,399
294,26,Yes,4,Y,Single,Male,401
295,37,No,9,Y,Married,Male,403
296,42,No,26,Y,Married,Female,404
297,18,Yes,3,Y,Single,Male,405
298,35,No,16,Y,Married,Male,406
299,36,No,18,Y,Married,Male,407
300,51,No,2,Y,Divorced,Male,408
301,41,No,2,Y,Single,Male,410
302,18,No,10,Y,Single,Female,411
303,28,No,16,Y,Single,Male,412
304,31,No,7,Y,Married,Male,416
305,39,No,1,Y,Divorced,Male,417
306,36,No,24,Y,Married,Female,419
307,32,No,7,Y,Married,Male,420
308,38,No,25,Y,Married,Female,421
309,58,No,1,Y,Divorced,Male,422
310,31,No,5,Y,Married,Male,423
311,31,No,2,Y,Married,Male,424
312,45,No,7,Y,Divorced,Male,425
313,31,No,2,Y,Divorced,Male,426
314,33,No,5,Y,Married,Female,428
315,39,No,10,Y,Married,Male,429
316,43,No,10,Y,Single,Female,430
317,49,No,1,Y,Single,Female,431
318,52,Yes,8,Y,Married,Male,433
319,27,No,5,Y,Single,Female,434
320,32,No,8,Y,Married,Female,436
321,27,No,2,Y,Single,Male,437
322,31,No,7,Y,Divorced,Male,438
323,32,No,2,Y,Single,Female,439
324,28,Yes,2,Y,Married,Male,440
325,30,No,28,Y,Married,Female,441
326,31,No,7,Y,Married,Female,442
327,39,No,7,Y,Married,Male,444
328,39,Yes,3,Y,Married,Female,445
329,33,No,10,Y,Single,Male,446
330,47,No,5,Y,Married,Male,447
331,43,No,10,Y,Divorced,Female,448
332,27,No,1,Y,Married,Male,449
333,54,No,20,Y,Single,Female,450
334,43,No,7,Y,Married,Female,451
335,45,No,8,Y,Married,Male,452
336,40,No,1,Y,Married,Male,453
337,29,Yes,8,Y,Married,Male,454
338,29,No,9,Y,Single,Male,455
339,30,No,5,Y,Divorced,Female,456
340,27,No,8,Y,Married,Female,458
341,37,No,5,Y,Divorced,Male,460
342,38,No,15,Y,Divorced,Male,461
343,31,No,7,Y,Single,Female,462
344,29,No,10,Y,Divorced,Female,463
345,35,No,5,Y,Single,Male,464
346,23,No,26,Y,Divorced,Male,465
347,41,No,6,Y,Single,Male,466
348,47,No,4,Y,Single,Male,467
349,42,No,23,Y,Single,Female,468
350,29,No,2,Y,Married,Male,469
351,42,No,2,Y,Divorced,Male,470
352,32,No,2,Y,Married,Female,471
353,48,No,29,Y,Married,Female,473
354,37,No,6,Y,Divorced,Male,474
355,30,No,25,Y,Married,Female,475
356,26,No,1,Y,Married,Male,476
357,42,No,2,Y,Single,Male,477
358,21,Yes,1,Y,Single,Female,478
359,36,No,1,Y,Single,Female,479
360,36,No,3,Y,Married,Male,481
361,57,No,1,Y,Married,Male,482
362,40,No,10,Y,Married,Female,483
363,21,No,9,Y,Single,Male,484
364,33,Yes,5,Y,Single,Female,485
365,37,No,10,Y,Married,Female,486
366,46,No,7,Y,Married,Female,487
367,41,Yes,4,Y,Single,Male,488
368,50,No,10,Y,Single,Male,491
369,40,Yes,22,Y,Married,Male,492
370,31,No,9,Y,Single,Male,493
371,21,Yes,12,Y,Single,Female,494
372,29,No,23,Y,Single,Male,495
373,35,No,9,Y,Single,Male,496
374,27,No,1,Y,Divorced,Male,497
375,28,No,9,Y,Single,Male,498
376,49,No,7,Y,Single,Male,499
377,51,No,14,Y,Married,Female,500
378,36,No,2,Y,Married,Female,501
379,34,Yes,19,Y,Single,Male,502
380,55,No,2,Y,Single,Female,505
381,24,No,10,Y,Divorced,Female,507
382,30,No,2,Y,Married,Male,508
383,26,Yes,3,Y,Single,Male,510
384,22,No,11,Y,Married,Female,511
385,36,No,2,Y,Married,Male,513
386,30,Yes,4,Y,Single,Male,514
387,37,No,14,Y,Divorced,Female,515
388,40,No,2,Y,Divorced,Female,516
389,42,No,1,Y,Divorced,Female,517
390,37,No,10,Y,Single,Male,518
391,43,No,12,Y,Divorced,Male,520
392,40,No,2,Y,Married,Female,521
393,54,No,5,Y,Married,Male,522
394,34,No,4,Y,Married,Female,523
395,31,No,7,Y,Married,Female,524
396,43,No,21,Y,Married,Male,525
397,43,No,8,Y,Divorced,Female,526
398,25,No,4,Y,Single,Female,527
399,37,No,25,Y,Married,Female,529
400,31,No,1,Y,Married,Male,530
401,39,No,1,Y,Divorced,Male,531
402,56,No,6,Y,Married,Female,532
403,30,No,12,Y,Single,Female,533
404,41,No,1,Y,Married,Male,534
405,28,No,17,Y,Divorced,Male,536
406,25,Yes,3,Y,Married,Male,538
407,52,No,3,Y,Married,Male,543
408,45,No,10,Y,Married,Male,544
409,52,No,4,Y,Married,Female,546
410,42,No,29,Y,Divorced,Female,547
411,30,No,2,Y,Single,Female,548
412,60,No,7,Y,Married,Female,549
413,46,No,18,Y,Divorced,Female,550
414,42,No,28,Y,Married,Female,551
415,24,Yes,1,Y,Single,Female,554
416,34,Yes,6,Y,Divorced,Female,555
417,38,No,2,Y,Married,Male,556
418,40,No,2,Y,Married,Female,558
419,26,No,23,Y,Divorced,Female,560
420,30,No,3,Y,Married,Male,562
421,29,No,3,Y,Married,Male,564
422,29,Yes,25,Y,Married,Female,565
423,19,Yes,2,Y,Single,Male,566
424,30,No,22,Y,Married,Female,567
425,57,No,29,Y,Divorced,Male,568
426,50,No,29,Y,Married,Male,569
427,30,No,2,Y,Single,Female,571
428,60,No,28,Y,Married,Female,573
429,47,No,2,Y,Divorced,Female,574
430,46,No,2,Y,Married,Male,575
431,35,No,22,Y,Single,Male,577
432,54,No,8,Y,Single,Female,578
433,34,No,2,Y,Divorced,Male,579
434,46,No,10,Y,Married,Female,580
435,31,No,9,Y,Divorced,Male,581
436,33,Yes,15,Y,Married,Male,582
437,33,Yes,10,Y,Divorced,Male,584
438,30,No,7,Y,Single,Male,585
439,35,No,16,Y,Married,Male,586
440,31,Yes,20,Y,Married,Male,587
441,34,Yes,23,Y,Divorced,Female,590
442,42,No,5,Y,Married,Male,591
443,36,No,10,Y,Single,Male,592
444,22,Yes,4,Y,Single,Male,593
445,48,No,2,Y,Married,Female,595
446,55,No,18,Y,Single,Female,597
447,41,No,10,Y,Single,Male,599
448,35,No,1,Y,Married,Male,600
449,40,No,6,Y,Single,Female,601
450,39,No,8,Y,Married,Female,602
451,31,No,2,Y,Single,Male,604
452,42,No,24,Y,Married,Male,605
453,45,No,2,Y,Married,Male,606
454,26,Yes,17,Y,Divorced,Female,608
455,29,No,19,Y,Divorced,Male,611
456,33,No,1,Y,Divorced,Female,612
457,31,No,7,Y,Divorced,Male,613
458,18,Yes,5,Y,Single,Male,614
459,40,No,28,Y,Divorced,Male,615
460,41,No,2,Y,Single,Female,616
461,26,No,29,Y,Divorced,Male,618
462,35,No,1,Y,Single,Female,620
463,34,No,21,Y,Single,Male,621
464,26,Yes,24,Y,Single,Male,622
465,37,No,1,Y,Single,Female,623
466,46,No,18,Y,Married,Female,624
467,41,No,2,Y,Married,Female,625
468,37,No,9,Y,Divorced,Male,626
469,52,No,6,Y,Divorced,Male,630
470,32,Yes,11,Y,Married,Male,631
471,24,No,24,Y,Married,Male,632
472,38,No,10,Y,Married,Female,634
473,37,No,1,Y,Married,Female,635
474,49,No,18,Y,Divorced,Male,638
475,24,No,23,Y,Married,Male,639
476,26,No,28,Y,Married,Male,641
477,24,No,17,Y,Married,Male,643
478,50,No,3,Y,Married,Male,644
479,25,No,13,Y,Married,Male,645
480,24,Yes,7,Y,Married,Female,647
481,30,Yes,12,Y,Married,Male,648
482,34,No,1,Y,Married,Male,649
483,31,Yes,13,Y,Divorced,Male,650
484,35,No,25,Y,Single,Male,652
485,31,No,6,Y,Divorced,Male,653
486,27,No,6,Y,Divorced,Female,655
487,37,No,2,Y,Married,Male,656
488,20,No,1,Y,Single,Female,657
489,42,No,2,Y,Married,Female,659
490,43,No,6,Y,Divorced,Male,661
491,38,No,1,Y,Single,Female,662
492,43,No,9,Y,Divorced,Male,663
493,48,No,1,Y,Married,Female,664
494,44,No,1,Y,Single,Female,665
495,34,No,14,Y,Divorced,Female,666
496,27,Yes,2,Y,Divorced,Male,667
497,21,No,22,Y,Single,Male,669
498,44,No,3,Y,Married,Male,671
499,22,No,6,Y,Married,Male,675
500,33,No,8,Y,Divorced,Male,677
501,32,No,9,Y,Married,Female,679
502,30,No,3,Y,Divorced,Female,680
503,53,No,1,Y,Single,Female,682
504,34,No,1,Y,Married,Male,683
505,45,Yes,26,Y,Married,Female,684
506,26,No,6,Y,Married,Female,686
507,37,No,3,Y,Married,Male,689
508,29,No,3,Y,Married,Female,690
509,35,No,6,Y,Single,Male,691
510,33,No,6,Y,Divorced,Male,692
511,54,No,19,Y,Married,Male,698
512,36,No,9,Y,Divorced,Male,699
513,27,No,3,Y,Single,Male,700
514,20,Yes,10,Y,Single,Male,701
515,33,Yes,3,Y,Single,Male,702
516,35,No,3,Y,Married,Male,704
517,23,No,4,Y,Married,Male,705
518,25,No,8,Y,Married,Male,707
519,38,No,7,Y,Single,Female,709
520,29,No,1,Y,Divorced,Male,710
521,48,No,2,Y,Married,Male,712
522,27,No,3,Y,Divorced,Female,714
523,37,No,10,Y,Single,Male,715
524,50,No,28,Y,Married,Male,716
525,34,No,9,Y,Single,Female,717
526,24,Yes,3,Y,Single,Female,720
527,39,No,2,Y,Single,Female,721
528,32,No,10,Y,Single,Male,722
529,50,Yes,8,Y,Married,Male,723
530,38,No,1,Y,Single,Female,724
531,27,No,1,Y,Married,Female,725
532,32,No,3,Y,Single,Female,727
533,47,No,14,Y,Single,Male,728
534,40,No,5,Y,Married,Male,729
535,53,No,7,Y,Married,Male,730
536,41,No,10,Y,Divorced,Male,731
537,60,No,16,Y,Single,Male,732
538,27,No,10,Y,Divorced,Male,733
539,41,No,1,Y,Married,Male,734
540,50,No,8,Y,Married,Male,738
541,28,Yes,1,Y,Single,Female,741
542,36,No,8,Y,Married,Female,742
543,38,No,1,Y,Single,Female,743
544,44,No,24,Y,Single,Male,744
545,47,No,3,Y,Divorced,Female,746
546,30,No,27,Y,Divorced,Male,747
547,29,No,10,Y,Single,Male,749
548,42,Yes,19,Y,Divorced,Male,752
549,43,No,15,Y,Married,Male,754
550,34,No,8,Y,Single,Female,757
551,23,No,9,Y,Married,Male,758
552,39,No,3,Y,Married,Female,760
553,56,No,9,Y,Married,Male,762
554,40,No,2,Y,Single,Female,763
555,27,No,7,Y,Single,Female,764
556,29,No,10,Y,Divorced,Male,766
557,53,No,6,Y,Single,Male,769
558,35,No,2,Y,Divorced,Female,771
559,32,No,24,Y,Married,Male,772
560,38,No,2,Y,Married,Male,773
561,34,No,8,Y,Divorced,Female,775
562,52,No,3,Y,Married,Male,776
563,33,Yes,1,Y,Single,Male,780
564,25,No,26,Y,Single,Female,781
565,45,No,2,Y,Single,Male,783
566,23,No,10,Y,Single,Male,784
567,47,Yes,27,Y,Single,Female,785
568,34,No,2,Y,Single,Male,786
569,55,Yes,2,Y,Married,Male,787
570,36,No,8,Y,Single,Male,789
571,52,No,19,Y,Married,Male,791
572,26,No,1,Y,Divorced,Female,792
573,29,No,27,Y,Married,Female,793
574,26,Yes,8,Y,Single,Male,796
575,34,No,1,Y,Single,Female,797
576,54,No,19,Y,Divorced,Female,799
577,27,No,8,Y,Married,Male,800
578,37,No,10,Y,Divorced,Female,802
579,38,No,2,Y,Single,Female,803
580,34,No,2,Y,Single,Female,804
581,35,No,8,Y,Married,Female,805
582,30,No,1,Y,Married,Male,806
583,40,No,2,Y,Married,Female,807
584,34,No,8,Y,Married,Female,808
585,42,No,8,Y,Divorced,Male,809
586,23,Yes,6,Y,Married,Male,811
587,24,No,9,Y,Divorced,Male,812
588,52,No,11,Y,Married,Female,813
589,50,No,2,Y,Married,Male,815
590,29,Yes,1,Y,Married,Female,816
591,33,No,7,Y,Married,Male,817
592,33,Yes,16,Y,Single,Female,819
593,47,No,2,Y,Married,Female,820
594,36,No,1,Y,Married,Female,823
595,29,No,23,Y,Married,Male,824
596,58,Yes,2,Y,Single,Male,825
597,35,No,1,Y,Single,Female,826
598,42,No,1,Y,Married,Female,827
599,28,Yes,2,Y,Single,Male,828
600,36,No,13,Y,Married,Male,829
601,32,No,4,Y,Married,Female,830
602,40,No,16,Y,Single,Male,832
603,30,No,2,Y,Single,Female,833
604,45,No,2,Y,Single,Female,834
605,42,No,29,Y,Married,Male,836
606,38,No,12,Y,Divorced,Male,837
607,34,No,16,Y,Single,Female,838
608,49,Yes,11,Y,Married,Female,840
609,55,Yes,2,Y,Single,Male,842
610,43,No,14,Y,Married,Male,843
611,27,No,5,Y,Divorced,Male,844
612,35,No,7,Y,Single,Male,845
613,28,No,2,Y,Married,Female,846
614,34,No,3,Y,Married,Male,847
615,26,Yes,5,Y,Married,Female,848
616,27,No,3,Y,Married,Male,850
617,51,No,26,Y,Married,Female,851
618,44,No,4,Y,Single,Male,852
619,25,No,2,Y,Single,Male,854
620,33,No,1,Y,Divorced,Male,855
621,35,No,27,Y,Single,Female,856
622,36,No,1,Y,Married,Male,857
623,32,No,13,Y,Divorced,Male,859
624,30,No,5,Y,Divorced,Male,861
625,53,No,7,Y,Married,Female,862
626,45,No,9,Y,Divorced,Male,864
627,32,No,8,Y,Married,Female,865
628,52,No,25,Y,Married,Female,867
629,37,No,16,Y,Divorced,Male,868
630,28,No,8,Y,Divorced,Male,869
631,22,No,1,Y,Married,Male,872
632,44,No,8,Y,Married,Male,874
633,42,No,2,Y,Single,Male,875
634,36,No,8,Y,Married,Male,878
635,25,No,3,Y,Married,Male,879
636,35,No,9,Y,Married,Female,880
637,35,Yes,25,Y,Divorced,Female,881
638,32,No,1,Y,Divorced,Male,882
639,25,No,4,Y,Married,Male,885
640,49,No,1,Y,Married,Female,887
641,24,No,4,Y,Married,Male,888
642,32,No,5,Y,Married,Male,889
643,38,No,9,Y,Married,Male,893
644,42,No,3,Y,Married,Female,894
645,31,No,11,Y,Married,Male,895
646,29,Yes,1,Y,Divorced,Female,896
647,53,No,8,Y,Married,Male,897
648,35,No,25,Y,Married,Male,899
649,37,No,21,Y,Married,Female,900
650,53,No,23,Y,Single,Female,901
651,43,No,1,Y,Married,Female,902
652,47,No,2,Y,Married,Female,903
653,37,No,19,Y,Single,Male,904
654,50,No,2,Y,Divorced,Male,905
655,39,No,2,Y,Married,Female,909
656,33,No,3,Y,Divorced,Male,910
657,32,Yes,25,Y,Single,Male,911
658,29,No,7,Y,Divorced,Female,912
659,44,No,9,Y,Married,Male,913
660,28,No,5,Y,Single,Male,916
661,58,Yes,2,Y,Divorced,Male,918
662,43,No,8,Y,Divorced,Female,920
663,20,Yes,2,Y,Single,Female,922
664,21,Yes,18,Y,Single,Female,923
665,36,No,14,Y,Married,Male,924
666,47,No,2,Y,Single,Female,925
667,22,Yes,3,Y,Married,Female,926
668,41,Yes,2,Y,Divorced,Female,927
669,28,No,9,Y,Divorced,Female,930
670,39,Yes,6,Y,Married,Male,932
671,27,No,4,Y,Single,Female,933
672,34,No,10,Y,Divorced,Male,934
673,42,No,14,Y,Single,Female,936
674,33,No,1,Y,Single,Male,939
675,58,No,5,Y,Divorced,Female,940
676,31,No,7,Y,Married,Male,941
677,35,No,21,Y,Married,Female,942
678,49,No,8,Y,Married,Female,944
679,48,No,20,Y,Married,Male,945
680,31,No,20,Y,Married,Female,947
681,36,No,7,Y,Single,Male,949
682,38,No,1,Y,Married,Female,950
683,32,No,1,Y,Married,Female,951
684,25,Yes,19,Y,Married,Male,952
685,40,No,10,Y,Divorced,Male,954
686,26,No,1,Y,Single,Male,956
687,41,No,6,Y,Single,Male,957
688,36,No,2,Y,Single,Male,958
689,19,Yes,21,Y,Single,Male,959
690,20,Yes,4,Y,Single,Male,960
691,31,No,12,Y,Married,Female,961
692,40,No,9,Y,Divorced,Male,964
693,32,No,3,Y,Married,Female,966
694,36,Yes,3,Y,Married,Male,967
695,33,No,1,Y,Single,Female,969
696,37,Yes,1,Y,Married,Male,970
697,45,No,4,Y,Married,Male,972
698,29,No,20,Y,Married,Female,974
699,35,No,18,Y,Married,Female,975
700,52,No,1,Y,Married,Male,976
701,58,Yes,2,Y,Single,Male,977
702,53,No,2,Y,Divorced,Male,981
703,30,No,8,Y,Divorced,Male,982
704,38,No,10,Y,Single,Female,983
705,35,No,3,Y,Divorced,Male,984
706,39,No,2,Y,Single,Male,985
707,40,Yes,24,Y,Single,Female,986
708,47,No,16,Y,Divorced,Male,987
709,36,No,8,Y,Divorced,Male,990
710,31,Yes,9,Y,Single,Male,991
711,33,No,17,Y,Single,Male,992
712,29,Yes,10,Y,Single,Female,994
713,33,No,13,Y,Single,Female,995
714,45,No,1,Y,Divorced,Female,996
715,50,No,1,Y,Divorced,Male,997
716,33,No,1,Y,Married,Female,998
717,41,No,9,Y,Divorced,Male,999
718,27,No,16,Y,Married,Female,1001
719,45,No,23,Y,Married,Male,1002
720,47,No,4,Y,Single,Female,1003
721,30,Yes,22,Y,Married,Female,1004
722,50,No,24,Y,Married,Male,1005
723,38,No,10,Y,Married,Male,1006
724,46,No,7,Y,Divorced,Male,1007
725,24,No,17,Y,Divorced,Female,1009
726,35,Yes,14,Y,Divorced,Male,1010
727,31,No,1,Y,Married,Female,1011
728,18,No,5,Y,Single,Male,1012
729,54,No,17,Y,Married,Female,1013
730,35,No,25,Y,Divorced,Female,1014
731,30,No,8,Y,Married,Female,1015
732,20,Yes,11,Y,Single,Female,1016
733,30,Yes,5,Y,Single,Female,1017
734,26,No,2,Y,Married,Male,1018
735,22,No,8,Y,Married,Male,1019
736,48,No,6,Y,Single,Male,1022
737,48,No,4,Y,Single,Male,1024
738,41,No,7,Y,Single,Female,1025
739,39,No,1,Y,Married,Female,1026
740,27,No,2,Y,Married,Female,1027
741,35,No,10,Y,Divorced,Male,1028
742,42,No,5,Y,Married,Male,1029
743,50,No,9,Y,Married,Male,1030
744,59,No,2,Y,Single,Female,1032
745,37,Yes,11,Y,Married,Female,1033
746,55,No,18,Y,Married,Male,1034
747,41,No,7,Y,Divorced,Female,1035
748,38,No,3,Y,Single,Male,1036
749,26,Yes,29,Y,Single,Male,1037
750,52,Yes,2,Y,Married,Female,1038
751,44,No,28,Y,Married,Female,1039
752,50,No,1,Y,Married,Female,1040
753,36,Yes,16,Y,Single,Female,1042
754,39,No,22,Y,Single,Female,1043
755,33,No,8,Y,Single,Female,1044
756,45,No,11,Y,Married,Female,1045
757,32,No,29,Y,Single,Female,1046
758,34,No,1,Y,Divorced,Male,1047
759,59,No,1,Y,Married,Male,1048
760,45,No,24,Y,Single,Male,1049
761,53,No,2,Y,Married,Female,1050
762,36,Yes,15,Y,Divorced,Male,1052
763,26,Yes,2,Y,Married,Male,1053
764,34,No,10,Y,Married,Female,1055
765,28,No,10,Y,Married,Male,1056
766,38,No,3,Y,Married,Male,1060
767,50,No,2,Y,Married,Male,1061
768,37,No,3,Y,Single,Female,1062
769,40,No,26,Y,Married,Male,1066
770,26,No,1,Y,Divorced,Female,1068
771,46,No,1,Y,Divorced,Male,1069
772,54,No,2,Y,Married,Female,1070
773,56,No,9,Y,Married,Female,1071
774,36,No,12,Y,Single,Female,1073
775,55,No,2,Y,Single,Male,1074
776,43,No,25,Y,Divorced,Male,1076
777,20,Yes,9,Y,Single,Female,1077
778,21,Yes,10,Y,Single,Female,1079
779,46,No,8,Y,Divorced,Female,1080
780,51,Yes,4,Y,Married,Male,1081
781,28,Yes,24,Y,Single,Male,1082
782,26,No,1,Y,Married,Male,1083
783,30,No,20,Y,Married,Male,1084
784,41,No,7,Y,Married,Female,1085
785,38,No,17,Y,Married,Female,1088
786,40,No,20,Y,Married,Male,1092
787,27,No,8,Y,Married,Male,1094
788,55,No,2,Y,Married,Male,1096
789,28,No,10,Y,Single,Female,1097
790,44,Yes,1,Y,Married,Male,1098
791,33,No,5,Y,Divorced,Male,1099
792,35,Yes,4,Y,Single,Male,1100
793,33,Yes,29,Y,Single,Female,1101
794,28,No,15,Y,Divorced,Male,1102
795,34,No,3,Y,Single,Male,1103
796,37,No,10,Y,Divorced,Female,1105
797,25,Yes,4,Y,Married,Male,1106
798,26,Yes,21,Y,Divorced,Male,1107
799,33,Yes,25,Y,Single,Male,1108
800,42,No,2,Y,Married,Male,1109
801,28,Yes,1,Y,Divorced,Male,1111
802,50,Yes,1,Y,Single,Male,1113
803,33,No,7,Y,Married,Female,1114
804,34,No,3,Y,Married,Male,1115
805,48,No,1,Y,Single,Male,1116
806,45,No,9,Y,Married,Female,1117
807,52,No,7,Y,Single,Male,1118
808,38,No,10,Y,Divorced,Male,1119
809,29,No,28,Y,Divorced,Female,1120
810,28,No,3,Y,Divorced,Female,1121
811,46,No,3,Y,Married,Male,1124
812,38,No,2,Y,Single,Male,1125
813,43,No,27,Y,Married,Female,1126
814,39,Yes,2,Y,Divorced,Male,1127
815,40,No,14,Y,Single,Male,1128
816,21,No,1,Y,Single,Female,1131
817,39,No,9,Y,Single,Male,1132
818,36,No,18,Y,Single,Male,1133
819,31,No,20,Y,Married,Male,1135
820,28,No,2,Y,Married,Male,1136
821,35,No,11,Y,Divorced,Male,1137
822,49,No,8,Y,Married,Male,1138
823,34,No,2,Y,Single,Male,1140
824,29,No,10,Y,Divorced,Female,1143
825,42,No,29,Y,Single,Male,1148
826,29,No,8,Y,Married,Male,1150
827,38,No,1,Y,Married,Male,1152
828,28,No,6,Y,Divorced,Male,1154
829,18,Yes,8,Y,Single,Male,1156
830,33,Yes,9,Y,Single,Female,1157
831,41,No,12,Y,Married,Male,1158
832,31,Yes,15,Y,Married,Male,1160
833,37,No,25,Y,Divorced,Female,1161
834,27,No,6,Y,Married,Male,1162
835,34,No,9,Y,Married,Female,1163
836,35,No,8,Y,Single,Male,1164
837,29,Yes,23,Y,Married,Female,1165
838,40,No,9,Y,Single,Female,1166
839,42,Yes,12,Y,Single,Male,1167
840,42,No,4,Y,Single,Male,1171
841,35,No,1,Y,Married,Male,1172
842,24,No,24,Y,Single,Male,1173
843,28,Yes,12,Y,Married,Female,1175
844,26,No,3,Y,Married,Male,1177
845,30,No,10,Y,Married,Male,1179
846,40,No,26,Y,Married,Female,1180
847,35,No,2,Y,Divorced,Male,1182
848,34,No,1,Y,Single,Male,1184
849,35,No,4,Y,Married,Male,1185
850,43,Yes,9,Y,Single,Female,1188
851,32,No,2,Y,Divorced,Female,1190
852,56,No,4,Y,Divorced,Female,1191
853,29,No,6,Y,Married,Female,1192
854,19,No,9,Y,Single,Male,1193
855,45,No,7,Y,Married,Female,1195
856,37,No,1,Y,Married,Female,1196
857,20,No,3,Y,Single,Male,1198
858,44,Yes,10,Y,Single,Male,1200
859,53,No,7,Y,Divorced,Female,1201
860,29,No,15,Y,Married,Female,1202
861,22,Yes,3,Y,Married,Male,1203
862,46,No,2,Y,Married,Female,1204
863,44,No,17,Y,Single,Male,1206
864,33,No,2,Y,Married,Male,1207
865,41,Yes,5,Y,Divorced,Male,1210
866,30,No,29,Y,Divorced,Male,1211
867,40,No,2,Y,Married,Male,1212
868,50,No,2,Y,Married,Female,1215
869,28,No,19,Y,Married,Male,1216
870,46,No,15,Y,Married,Male,1217
871,35,No,17,Y,Married,Male,1218
872,24,Yes,17,Y,Married,Female,1219
873,33,No,25,Y,Married,Female,1220
874,36,No,6,Y,Divorced,Male,1221
875,30,No,7,Y,Divorced,Male,1224
876,44,No,29,Y,Single,Male,1225
877,20,No,21,Y,Single,Male,1226
878,46,No,2,Y,Divorced,Male,1228
879,42,No,2,Y,Married,Male,1231
880,60,No,7,Y,Divorced,Male,1233
881,32,No,13,Y,Married,Female,1234
882,32,No,2,Y,Single,Female,1235
883,36,No,1,Y,Divorced,Female,1237
884,33,No,9,Y,Married,Male,1238
885,40,No,10,Y,Divorced,Female,1239
886,25,No,10,Y,Single,Male,1240
887,30,No,1,Y,Married,Male,1241
888,42,No,26,Y,Married,Female,1242
889,35,No,8,Y,Married,Female,1243
890,27,No,14,Y,Married,Male,1244
891,54,No,1,Y,Divorced,Female,1245
892,44,No,2,Y,Married,Female,1246
893,19,Yes,10,Y,Single,Female,1248
894,29,No,1,Y,Divorced,Female,1249
895,54,No,3,Y,Married,Male,1250
896,31,No,11,Y,Married,Male,1251
897,31,No,24,Y,Single,Female,1252
898,59,No,3,Y,Single,Female,1254
899,43,No,3,Y,Married,Male,1255
900,49,No,4,Y,Married,Male,1256
901,36,No,3,Y,Married,Male,1257
902,48,No,2,Y,Single,Male,1258
903,27,No,4,Y,Divorced,Male,1259
904,29,No,7,Y,Divorced,Male,1260
905,48,No,1,Y,Single,Male,1263
906,29,No,1,Y,Divorced,Female,1264
907,34,No,20,Y,Married,Female,1265
908,44,No,5,Y,Married,Male,1267
909,33,No,10,Y,Divorced,Male,1268
910,19,No,25,Y,Single,Female,1269
911,23,No,1,Y,Married,Male,1270
912,25,Yes,24,Y,Single,Male,1273
913,26,No,4,Y,Single,Male,1275
914,45,Yes,2,Y,Single,Female,1277
915,55,No,8,Y,Divorced,Male,1278
916,21,Yes,10,Y,Single,Female,1279
917,46,No,4,Y,Married,Female,1280
918,34,No,2,Y,Single,Female,1281
919,51,No,9,Y,Divorced,Male,1282
920,59,No,18,Y,Single,Male,1283
921,34,No,19,Y,Divorced,Female,1285
922,28,No,1,Y,Single,Male,1286
923,44,No,4,Y,Divorced,Male,1288
924,34,No,11,Y,Married,Male,1289
925,35,No,6,Y,Married,Male,1291
926,42,No,7,Y,Married,Female,1292
927,43,No,4,Y,Single,Female,1293
928,36,No,2,Y,Single,Female,1294
929,44,Yes,15,Y,Married,Female,1295
930,28,No,2,Y,Married,Male,1296
931,51,No,6,Y,Single,Female,1297
932,30,No,9,Y,Single,Female,1298
933,29,Yes,7,Y,Divorced,Female,1299
934,28,No,1,Y,Single,Male,1301
935,25,No,1,Y,Single,Female,1303
936,32,No,8,Y,Married,Male,1304
937,45,No,25,Y,Single,Female,1306
938,39,No,13,Y,Divorced,Female,1307
939,58,No,23,Y,Divorced,Male,1308
940,32,Yes,7,Y,Married,Male,1309
941,39,Yes,23,Y,Single,Male,1310
942,30,No,6,Y,Married,Female,1311
943,36,No,10,Y,Married,Female,1312
944,46,No,1,Y,Single,Female,1314
945,28,No,1,Y,Married,Female,1315
946,50,No,28,Y,Married,Female,1317
947,40,Yes,25,Y,Single,Male,1318
948,52,Yes,5,Y,Single,Male,1319
949,30,No,17,Y,Married,Female,1321
950,39,No,18,Y,Single,Male,1322
951,31,No,2,Y,Divorced,Female,1324
952,41,No,10,Y,Single,Male,1329
953,31,Yes,1,Y,Single,Female,1331
954,44,Yes,3,Y,Married,Male,1333
955,42,No,2,Y,Married,Male,1334
956,55,No,2,Y,Married,Female,1336
957,56,No,8,Y,Single,Male,1338
958,40,No,16,Y,Divorced,Male,1340
959,34,No,9,Y,Divorced,Male,1344
960,40,No,2,Y,Single,Male,1346
961,41,No,1,Y,Divorced,Female,1349
962,35,No,4,Y,Single,Male,1350
963,51,No,5,Y,Divorced,Male,1352
964,38,No,2,Y,Divorced,Female,1355
965,34,No,15,Y,Single,Female,1356
966,25,No,19,Y,Married,Male,1358
967,58,Yes,7,Y,Married,Female,1360
968,40,No,1,Y,Married,Male,1361
969,36,No,7,Y,Married,Female,1362
970,48,No,4,Y,Single,Male,1363
971,27,No,11,Y,Married,Female,1364
972,51,No,11,Y,Single,Female,1367
973,18,No,1,Y,Single,Female,1368
974,35,No,1,Y,Married,Female,1369
975,27,No,2,Y,Single,Male,1371
976,55,Yes,13,Y,Single,Male,1372
977,56,No,23,Y,Married,Male,1373
978,34,No,26,Y,Divorced,Female,1374
979,40,No,2,Y,Divorced,Female,1375
980,34,No,29,Y,Married,Male,1377
981,31,Yes,2,Y,Single,Female,1379
982,35,Yes,18,Y,Married,Female,1380
983,38,No,7,Y,Divorced,Male,1382
984,34,No,2,Y,Single,Female,1383
985,28,No,26,Y,Married,Male,1387
986,31,Yes,22,Y,Married,Male,1389
987,39,No,21,Y,Married,Male,1390
988,51,No,2,Y,Married,Male,1391
989,41,No,22,Y,Divorced,Female,1392
990,37,No,4,Y,Married,Male,1394
991,33,No,5,Y,Married,Male,1395
992,32,No,2,Y,Married,Male,1396
993,39,No,25,Y,Married,Male,1397
994,25,No,18,Y,Married,Male,1399
995,52,No,28,Y,Married,Female,1401
996,43,No,6,Y,Single,Female,1402
997,27,No,10,Y,Married,Female,1403
998,27,Yes,17,Y,Single,Female,1405
999,26,No,2,Y,Single,Male,1407
1000,42,No,10,Y,Married,Female,1408
1001,52,No,8,Y,Married,Female,1409
1002,37,No,11,Y,Single,Female,1411
1003,35,No,18,Y,Single,Male,1412
1004,25,No,1,Y,Married,Male,1415
1005,26,No,7,Y,Single,Male,1417
1006,29,No,17,Y,Single,Male,1419
1007,49,Yes,28,Y,Single,Male,1420
1008,29,Yes,14,Y,Single,Female,1421
1009,54,No,1,Y,Single,Female,1422
1010,58,No,1,Y,Married,Female,1423
1011,55,No,1,Y,Divorced,Male,1424
1012,36,No,3,Y,Single,Female,1425
1013,31,Yes,1,Y,Single,Female,1427
1014,30,No,7,Y,Divorced,Female,1428
1015,31,No,8,Y,Single,Female,1430
1016,34,No,1,Y,Divorced,Male,1431
1017,31,Yes,8,Y,Single,Female,1433
1018,27,No,11,Y,Married,Male,1434
1019,36,No,4,Y,Single,Male,1435
1020,36,No,16,Y,Married,Female,1436
1021,47,No,1,Y,Married,Male,1438
1022,25,Yes,9,Y,Married,Male,1439
1023,37,No,5,Y,Single,Male,1440
1024,56,No,1,Y,Married,Female,1441
1025,47,No,2,Y,Married,Female,1443
1026,24,No,4,Y,Married,Female,1445
1027,32,No,7,Y,Married,Male,1446
1028,34,No,1,Y,Married,Female,1447
1029,41,No,5,Y,Married,Male,1448
1030,40,No,9,Y,Divorced,Male,1449
1031,31,No,8,Y,Divorced,Male,1453
1032,46,Yes,9,Y,Divorced,Male,1457
1033,39,Yes,2,Y,Single,Female,1458
1034,31,Yes,1,Y,Single,Female,1459
1035,45,No,20,Y,Divorced,Male,1460
1036,31,No,8,Y,Single,Female,1461
1037,31,Yes,2,Y,Married,Male,1464
1038,45,No,29,Y,Married,Male,1465
1039,48,No,7,Y,Divorced,Male,1466
1040,34,Yes,9,Y,Married,Female,1467
1041,40,No,8,Y,Divorced,Male,1468
1042,28,No,5,Y,Single,Male,1469
1043,44,No,5,Y,Single,Male,1471
1044,53,No,2,Y,Single,Male,1472
1045,49,No,5,Y,Married,Male,1473
1046,40,No,2,Y,Divorced,Male,1474
1047,44,No,20,Y,Single,Male,1475
1048,33,No,7,Y,Married,Male,1477
1049,34,No,3,Y,Single,Male,1478
1050,30,No,16,Y,Married,Male,1479
1051,42,No,9,Y,Single,Female,1480
1052,44,No,1,Y,Married,Female,1481
1053,30,No,7,Y,Divorced,Male,1482
1054,57,No,1,Y,Married,Male,1483
1055,49,No,7,Y,Divorced,Male,1484
1056,34,No,15,Y,Divorced,Male,1485
1057,28,Yes,1,Y,Married,Male,1486
1058,29,Yes,13,Y,Single,Female,1487
1059,34,Yes,24,Y,Single,Female,1489
1060,35,No,7,Y,Married,Male,1492
1061,24,Yes,9,Y,Single,Male,1494
1062,24,No,13,Y,Married,Female,1495
1063,44,No,2,Y,Single,Male,1496
1064,29,No,19,Y,Divorced,Male,1497
1065,30,No,1,Y,Divorced,Male,1499
1066,55,No,4,Y,Married,Male,1501
1067,33,No,4,Y,Married,Female,1502
1068,47,No,14,Y,Married,Female,1503
1069,28,Yes,2,Y,Single,Male,1504
1070,28,No,1,Y,Divorced,Male,1506
1071,28,No,7,Y,Single,Male,1507
1072,49,No,3,Y,Married,Female,1509
1073,29,No,2,Y,Married,Female,1513
1074,28,No,29,Y,Married,Male,1514
1075,33,No,8,Y,Single,Male,1515
1076,32,No,10,Y,Single,Male,1516
1077,54,No,11,Y,Divorced,Female,1520
1078,29,Yes,1,Y,Single,Male,1522
1079,44,No,28,Y,Married,Male,1523
1080,39,No,6,Y,Single,Female,1525
1081,46,No,3,Y,Married,Female,1527
1082,35,No,16,Y,Single,Female,1529
1083,23,No,20,Y,Single,Male,1533
1084,40,Yes,9,Y,Single,Male,1534
1085,34,No,1,Y,Married,Male,1535
1086,31,Yes,3,Y,Single,Female,1537
1087,50,No,22,Y,Single,Male,1539
1088,34,No,7,Y,Married,Male,1541
1089,42,No,2,Y,Married,Male,1542
1090,37,No,13,Y,Married,Male,1543
1091,29,No,8,Y,Married,Female,1544
1092,33,No,25,Y,Single,Male,1545
1093,45,No,28,Y,Married,Male,1546
1094,42,No,2,Y,Married,Male,1547
1095,40,No,9,Y,Married,Male,1548
1096,33,No,28,Y,Married,Male,1549
1097,40,No,6,Y,Single,Male,1550
1098,24,No,21,Y,Divorced,Male,1551
1099,40,No,8,Y,Divorced,Male,1552
1100,45,No,1,Y,Divorced,Male,1553
1101,35,No,28,Y,Married,Female,1554
1102,32,No,5,Y,Married,Female,1555
1103,36,No,2,Y,Single,Male,1556
1104,48,No,16,Y,Divorced,Female,1557
1105,29,No,9,Y,Married,Male,1558
1106,33,No,8,Y,Married,Male,1560
1107,30,Yes,1,Y,Married,Male,1562
1108,38,No,10,Y,Married,Male,1563
1109,35,No,1,Y,Single,Male,1564
1110,30,No,29,Y,Married,Male,1568
1111,35,Yes,2,Y,Divorced,Female,1569
1112,53,Yes,2,Y,Married,Female,1572
1113,38,Yes,2,Y,Married,Male,1573
1114,32,No,1,Y,Married,Male,1574
1115,48,No,15,Y,Married,Female,1576
1116,34,No,7,Y,Single,Male,1577
1117,55,No,26,Y,Married,Male,1578
1118,34,No,1,Y,Married,Male,1580
1119,26,No,3,Y,Married,Female,1581
1120,38,No,14,Y,Married,Male,1582
1121,38,No,16,Y,Single,Female,1583
1122,36,No,1,Y,Single,Female,1585
1123,29,No,3,Y,Single,Male,1586
1124,35,No,10,Y,Single,Female,1587
1125,39,No,6,Y,Married,Male,1588
1126,29,No,2,Y,Divorced,Male,1590
1127,50,No,9,Y,Married,Male,1591
1128,23,No,10,Y,Married,Male,1592
1129,36,No,6,Y,Married,Male,1594
1130,42,No,9,Y,Single,Male,1595
1131,35,No,28,Y,Married,Male,1596
1132,34,No,10,Y,Married,Male,1597
1133,40,No,14,Y,Married,Female,1598
1134,43,No,27,Y,Divorced,Male,1599
1135,35,No,7,Y,Married,Male,1601
1136,46,No,1,Y,Single,Male,1602
1137,28,Yes,24,Y,Married,Male,1604
1138,22,No,26,Y,Married,Female,1605
1139,50,No,20,Y,Married,Male,1606
1140,32,No,5,Y,Married,Female,1607
1141,44,No,7,Y,Divorced,Female,1608
1142,30,No,7,Y,Married,Male,1609
1143,45,No,5,Y,Single,Female,1611
1144,45,No,26,Y,Married,Male,1612
1145,31,No,2,Y,Single,Male,1613
1146,36,No,12,Y,Married,Female,1614
1147,34,No,10,Y,Divorced,Male,1615
1148,49,No,25,Y,Married,Female,1617
1149,39,No,10,Y,Married,Male,1618
1150,27,No,19,Y,Divorced,Male,1619
1151,35,No,18,Y,Married,Male,1621
1152,28,No,27,Y,Divorced,Female,1622
1153,21,No,5,Y,Single,Male,1623
1154,18,Yes,3,Y,Single,Female,1624
1155,47,No,26,Y,Married,Female,1625
1156,39,No,3,Y,Divorced,Male,1627
1157,40,No,15,Y,Married,Female,1628
1158,35,No,8,Y,Married,Female,1630
1159,37,No,19,Y,Married,Male,1631
1160,39,No,4,Y,Single,Female,1633
1161,45,No,2,Y,Divorced,Female,1635
1162,38,No,2,Y,Married,Female,1638
1163,35,Yes,10,Y,Married,Male,1639
1164,37,No,10,Y,Married,Female,1640
1165,40,No,16,Y,Single,Female,1641
1166,44,No,1,Y,Married,Male,1642
1167,48,No,4,Y,Married,Male,1644
1168,35,Yes,15,Y,Divorced,Male,1645
1169,24,No,2,Y,Single,Female,1646
1170,27,No,8,Y,Married,Female,1647
1171,27,No,2,Y,Single,Male,1648
1172,40,Yes,7,Y,Single,Male,1649
1173,29,No,10,Y,Single,Male,1650
1174,36,No,5,Y,Married,Female,1651
1175,25,No,2,Y,Divorced,Male,1653
1176,39,No,12,Y,Married,Male,1654
1177,49,No,22,Y,Married,Female,1655
1178,50,No,17,Y,Divorced,Female,1656
1179,20,No,2,Y,Single,Female,1657
1180,34,No,3,Y,Divorced,Female,1658
1181,36,No,7,Y,Single,Male,1659
1182,49,No,6,Y,Married,Female,1661
1183,36,No,1,Y,Married,Female,1662
1184,36,No,3,Y,Divorced,Male,1664
1185,54,No,22,Y,Married,Female,1665
1186,43,No,15,Y,Married,Male,1666
1187,35,Yes,12,Y,Single,Male,1667
1188,38,No,1,Y,Married,Male,1668
1189,29,No,5,Y,Divorced,Male,1669
1190,33,No,2,Y,Divorced,Male,1670
1191,32,No,2,Y,Divorced,Male,1671
1192,31,No,5,Y,Married,Female,1673
1193,49,No,16,Y,Divorced,Female,1674
1194,38,No,2,Y,Single,Female,1675
1195,47,No,2,Y,Divorced,Female,1676
1196,49,No,1,Y,Single,Male,1677
1197,41,No,23,Y,Single,Male,1678
1198,20,No,9,Y,Single,Male,1680
1199,33,No,16,Y,Divorced,Female,1681
1200,36,No,26,Y,Married,Male,1682
1201,44,No,1,Y,Divorced,Female,1683
1202,23,Yes,8,Y,Single,Male,1684
1203,38,No,4,Y,Married,Female,1687
1204,53,No,24,Y,Married,Male,1689
1205,48,Yes,7,Y,Married,Female,1691
1206,32,Yes,2,Y,Single,Male,1692
1207,26,No,7,Y,Single,Male,1693
1208,55,No,22,Y,Divorced,Male,1694
1209,34,No,5,Y,Married,Male,1696
1210,60,No,1,Y,Divorced,Male,1697
1211,33,No,21,Y,Married,Male,1698
1212,37,No,1,Y,Divorced,Male,1700
1213,34,No,19,Y,Married,Female,1701
1214,23,Yes,7,Y,Divorced,Male,1702
1215,44,No,2,Y,Married,Female,1703
1216,35,No,2,Y,Single,Male,1704
1217,43,No,2,Y,Married,Male,1706
1218,24,No,9,Y,Married,Male,1707
1219,41,No,6,Y,Single,Male,1708
1220,29,No,9,Y,Married,Female,1709
1221,36,No,2,Y,Single,Female,1710
1222,45,No,1,Y,Married,Male,1712
1223,24,Yes,22,Y,Married,Male,1714
1224,47,Yes,9,Y,Married,Male,1716
1225,26,No,17,Y,Married,Male,1718
1226,45,No,28,Y,Single,Female,1719
1227,32,No,10,Y,Married,Male,1720
1228,31,No,2,Y,Married,Male,1721
1229,41,No,4,Y,Married,Male,1722
1230,40,No,8,Y,Married,Female,1724
1231,24,No,29,Y,Divorced,Male,1725
1232,46,No,13,Y,Single,Male,1727
1233,35,No,27,Y,Married,Male,1728
1234,30,No,16,Y,Married,Male,1729
1235,47,No,2,Y,Married,Male,1731
1236,46,No,2,Y,Divorced,Male,1732
1237,36,Yes,13,Y,Divorced,Male,1733
1238,32,Yes,1,Y,Single,Male,1734
1239,23,No,4,Y,Single,Female,1735
1240,31,No,24,Y,Single,Female,1736
1241,39,No,1,Y,Married,Male,1737
1242,32,No,19,Y,Married,Male,1739
1243,40,No,7,Y,Single,Male,1740
1244,45,No,4,Y,Married,Female,1744
1245,30,No,2,Y,Single,Female,1745
1246,24,No,10,Y,Married,Male,1746
1247,30,Yes,8,Y,Divorced,Female,1747
1248,31,No,5,Y,Married,Male,1749
1249,27,No,8,Y,Single,Female,1751
1250,29,Yes,9,Y,Single,Female,1752
1251,29,No,1,Y,Single,Male,1753
1252,30,No,15,Y,Divorced,Male,1754
1253,34,No,2,Y,Married,Male,1755
1254,33,No,2,Y,Single,Female,1756
1255,49,No,11,Y,Single,Female,1757
1256,33,Yes,16,Y,Single,Female,1758
1257,38,No,2,Y,Married,Female,1760
1258,31,Yes,16,Y,Married,Male,1761
1259,29,No,4,Y,Divorced,Female,1762
1260,30,No,16,Y,Married,Male,1763
1261,32,No,5,Y,Single,Male,1764
1262,38,No,18,Y,Married,Male,1766
1263,43,Yes,17,Y,Married,Male,1767
1264,42,No,12,Y,Divorced,Male,1768
1265,55,No,2,Y,Married,Male,1770
1266,33,No,4,Y,Divorced,Male,1771
1267,41,No,9,Y,Divorced,Male,1772
1268,34,No,10,Y,Divorced,Male,1774
1269,53,No,1,Y,Married,Female,1775
1270,43,No,2,Y,Single,Male,1778
1271,34,No,3,Y,Single,Female,1779
1272,21,Yes,7,Y,Single,Male,1780
1273,38,No,6,Y,Married,Female,1782
1274,22,Yes,8,Y,Married,Female,1783
1275,31,No,29,Y,Married,Female,1784
1276,51,No,3,Y,Married,Female,1786
1277,37,No,9,Y,Married,Male,1787
1278,46,No,2,Y,Divorced,Male,1789
1279,36,No,10,Y,Married,Male,1790
1280,44,Yes,1,Y,Divorced,Male,1792
1281,37,No,8,Y,Divorced,Male,1794
1282,35,Yes,27,Y,Single,Male,1797
1283,33,No,8,Y,Married,Male,1798
1284,28,No,1,Y,Married,Male,1799
1285,39,No,10,Y,Single,Male,1800
1286,46,No,26,Y,Single,Male,1801
1287,40,No,2,Y,Married,Female,1802
1288,42,No,13,Y,Married,Male,1803
1289,35,No,2,Y,Divorced,Male,1804
1290,38,No,2,Y,Divorced,Male,1805
1291,34,Yes,9,Y,Married,Male,1807
1292,37,Yes,10,Y,Single,Male,1809
1293,39,No,20,Y,Divorced,Male,1812
1294,43,No,9,Y,Single,Male,1813
1295,41,No,5,Y,Single,Male,1814
1296,41,No,4,Y,Divorced,Female,1815
1297,30,No,10,Y,Single,Female,1816
1298,26,Yes,20,Y,Married,Female,1818
1299,46,Yes,21,Y,Married,Female,1821
1300,40,No,1,Y,Divorced,Female,1822
1301,34,No,8,Y,Married,Male,1823
1302,58,No,2,Y,Divorced,Male,1824
1303,35,No,23,Y,Married,Male,1826
1304,47,No,4,Y,Divorced,Female,1827
1305,40,No,12,Y,Divorced,Female,1829
1306,54,No,7,Y,Married,Female,1830
1307,31,No,7,Y,Married,Female,1833
1308,28,No,1,Y,Married,Female,1834
1309,38,No,2,Y,Married,Female,1835
1310,26,No,10,Y,Single,Male,1836
1311,58,No,15,Y,Married,Male,1837
1312,18,No,14,Y,Single,Female,1839
1313,31,Yes,18,Y,Married,Male,1842
1314,29,Yes,13,Y,Divorced,Male,1844
1315,45,No,2,Y,Married,Female,1845
1316,36,No,2,Y,Married,Female,1847
1317,43,No,2,Y,Married,Male,1849
1318,27,No,5,Y,Single,Female,1850
1319,29,No,20,Y,Married,Male,1852
1320,32,No,10,Y,Single,Male,1853
1321,42,No,10,Y,Married,Male,1854
1322,47,No,9,Y,Single,Female,1856
1323,46,No,2,Y,Divorced,Male,1857
1324,28,No,1,Y,Divorced,Male,1858
1325,29,No,29,Y,Divorced,Male,1859
1326,42,No,8,Y,Single,Male,1860
1327,32,Yes,2,Y,Single,Male,1862
1328,46,No,3,Y,Divorced,Female,1863
1329,27,No,23,Y,Married,Female,1864
1330,29,No,6,Y,Married,Male,1865
1331,43,No,6,Y,Married,Female,1866
1332,48,No,10,Y,Married,Male,1867
1333,29,Yes,24,Y,Single,Male,1868
1334,46,Yes,10,Y,Married,Female,1869
1335,27,No,15,Y,Married,Female,1870
1336,39,No,19,Y,Divorced,Male,1871
1337,55,No,2,Y,Married,Male,1873
1338,28,No,3,Y,Married,Female,1875
1339,30,Yes,9,Y,Single,Male,1876
1340,22,Yes,7,Y,Single,Male,1878
1341,36,No,10,Y,Married,Female,1880
1342,31,No,20,Y,Divorced,Male,1881
1343,34,No,4,Y,Married,Male,1882
1344,29,No,7,Y,Single,Male,1883
1345,37,No,7,Y,Married,Male,1885
1346,35,No,16,Y,Married,Female,1886
1347,45,No,25,Y,Married,Female,1888
1348,36,No,2,Y,Single,Male,1890
1349,40,No,1,Y,Divorced,Male,1892
1350,26,No,1,Y,Married,Female,1893
1351,27,No,2,Y,Single,Female,1898
1352,48,No,22,Y,Divorced,Female,1900
1353,44,No,1,Y,Married,Male,1903
1354,34,Yes,16,Y,Married,Male,1905
1355,56,Yes,24,Y,Single,Male,1907
1356,36,No,17,Y,Married,Male,1908
1357,41,No,8,Y,Married,Female,1909
1358,42,No,6,Y,Married,Male,1911
1359,31,No,10,Y,Divorced,Female,1912
1360,34,No,3,Y,Married,Female,1915
1361,31,No,4,Y,Divorced,Female,1916
1362,26,No,6,Y,Married,Male,1918
1363,45,No,1,Y,Single,Male,1922
1364,33,No,10,Y,Single,Male,1924
1365,28,No,1,Y,Married,Male,1927
1366,29,Yes,24,Y,Single,Male,1928
1367,39,No,21,Y,Married,Female,1929
1368,27,No,2,Y,Married,Male,1931
1369,34,No,22,Y,Married,Male,1932
1370,28,Yes,13,Y,Single,Female,1933
1371,47,No,14,Y,Married,Male,1934
1372,56,No,11,Y,Married,Female,1935
1373,39,No,9,Y,Married,Male,1936
1374,38,No,8,Y,Divorced,Female,1937
1375,58,No,21,Y,Married,Female,1938
1376,32,Yes,5,Y,Single,Female,1939
1377,38,No,9,Y,Divorced,Male,1940
1378,49,No,2,Y,Married,Male,1941
1379,42,No,12,Y,Divorced,Male,1943
1380,27,Yes,22,Y,Married,Female,1944
1381,35,No,18,Y,Married,Male,1945
1382,28,No,16,Y,Single,Male,1947
1383,31,No,3,Y,Divorced,Male,1948
1384,36,No,9,Y,Married,Male,1949
1385,34,No,1,Y,Single,Male,1950
1386,34,No,13,Y,Divorced,Male,1951
1387,26,No,1,Y,Single,Male,1952
1388,29,No,1,Y,Married,Male,1954
1389,32,No,15,Y,Divorced,Female,1955
1390,31,No,1,Y,Married,Male,1956
1391,28,Yes,17,Y,Divorced,Male,1960
1392,38,No,1,Y,Single,Male,1961
1393,35,No,7,Y,Married,Female,1962
1394,27,No,9,Y,Single,Male,1965
1395,32,No,5,Y,Single,Male,1966
1396,31,Yes,26,Y,Married,Male,1967
1397,53,Yes,24,Y,Single,Male,1968
1398,54,No,9,Y,Married,Female,1969
1399,33,No,7,Y,Divorced,Male,1970
1400,43,No,11,Y,Married,Male,1971
1401,38,No,1,Y,Married,Male,1972
1402,55,No,26,Y,Married,Male,1973
1403,31,No,2,Y,Divorced,Female,1974
1404,39,No,15,Y,Single,Male,1975
1405,42,No,23,Y,Single,Male,1976
1406,31,No,10,Y,Married,Female,1979
1407,54,No,10,Y,Single,Female,1980
1408,24,No,1,Y,Single,Male,1981
1409,23,No,12,Y,Single,Male,1982
1410,40,No,11,Y,Married,Female,1985
1411,40,No,2,Y,Married,Female,1986
1412,25,No,2,Y,Married,Female,1987
1413,30,No,1,Y,Married,Male,1989
1414,25,No,2,Y,Divorced,Male,1992
1415,47,No,25,Y,Single,Male,1993
1416,33,No,1,Y,Divorced,Male,1994
1417,38,No,1,Y,Married,Male,1995
1418,31,No,2,Y,Married,Male,1996
1419,38,No,6,Y,Married,Male,1997
1420,42,No,18,Y,Divorced,Male,1998
1421,41,No,1,Y,Married,Male,1999
1422,47,No,1,Y,Married,Female,2000
1423,35,No,11,Y,Married,Male,2003
1424,22,No,1,Y,Single,Male,2007
1425,35,No,9,Y,Single,Male,2008
1426,33,No,15,Y,Married,Female,2009
1427,32,No,29,Y,Single,Female,2010
1428,40,No,1,Y,Married,Male,2012
1429,32,No,1,Y,Married,Male,2013
1430,39,No,24,Y,Single,Male,2014
1431,38,No,10,Y,Married,Female,2015
1432,32,No,1,Y,Married,Female,2016
1433,37,No,10,Y,Married,Female,2017
1434,25,No,8,Y,Divorced,Female,2018
1435,52,No,29,Y,Divorced,Male,2019
1436,44,No,1,Y,Single,Male,2020
1437,21,No,5,Y,Single,Male,2021
1438,39,No,9,Y,Single,Male,2022
1439,23,Yes,9,Y,Married,Male,2023
1440,36,No,3,Y,Married,Female,2024
1441,36,No,4,Y,Divorced,Female,2025
1442,56,No,1,Y,Divorced,Male,2026
1443,29,Yes,1,Y,Married,Male,2027
1444,42,No,2,Y,Married,Male,2031
1445,56,Yes,7,Y,Married,Male,2032
1446,41,No,28,Y,Married,Female,2034
1447,34,No,28,Y,Married,Female,2035
1448,36,No,15,Y,Divorced,Male,2036
1449,41,No,3,Y,Divorced,Male,2037
1450,32,No,2,Y,Single,Male,2038
1451,35,No,26,Y,Single,Female,2040
1452,38,No,10,Y,Married,Female,2041
1453,50,Yes,1,Y,Divorced,Male,2044
1454,36,No,11,Y,Married,Female,2045
1455,45,No,20,Y,Single,Female,2046
1456,40,No,2,Y,Single,Male,2048
1457,35,No,18,Y,Married,Male,2049
1458,40,No,2,Y,Married,Female,2051
1459,35,No,1,Y,Married,Female,2052
1460,29,No,13,Y,Married,Male,2053
1461,29,No,28,Y,Single,Female,2054
1462,50,Yes,28,Y,Divorced,Male,2055
1463,39,No,24,Y,Married,Female,2056
1464,31,No,5,Y,Single,Male,2057
1465,26,No,5,Y,Single,Female,2060
1466,36,No,23,Y,Married,Male,2061
1467,39,No,6,Y,Married,Male,2062
1468,27,No,4,Y,Married,Male,2064
1469,49,No,2,Y,Married,Male,2065
1470,34,No,8,Y,Married,Male,2068
