empID;Gender;Age;Attrition;DistanceFromHome;Over18;MaritalStatus;GenderID;MaritalID
1;Female;41;Yes;1;Y;Single;1;3
10;Male;36;No;27;Y;Married;2;2
100;Male;44;No;23;Y;Married;2;2
1000;Female;42;No;10;Y;Married;1;2
1001;Female;52;No;8;Y;Married;1;2
1002;Female;37;No;11;Y;Single;1;3
1003;Male;35;No;18;Y;Single;2;3
1004;Male;25;No;1;Y;Married;2;2
1005;Male;26;No;7;Y;Single;2;3
1006;Male;29;No;17;Y;Single;2;3
1007;Male;49;Yes;28;Y;Single;2;3
1008;Female;29;Yes;14;Y;Single;1;3
1009;Female;54;No;1;Y;Single;1;3
101;Male;37;Yes;6;Y;Divorced;2;1
1010;Female;58;No;1;Y;Married;1;2
1011;Male;55;No;1;Y;Divorced;2;1
1012;Female;36;No;3;Y;Single;1;3
1013;Female;31;Yes;1;Y;Single;1;3
1014;Female;30;No;7;Y;Divorced;1;1
1015;Female;31;No;8;Y;Single;1;3
1016;Male;34;No;1;Y;Divorced;2;1
1017;Female;31;Yes;8;Y;Single;1;3
1018;Male;27;No;11;Y;Married;2;2
1019;Male;36;No;4;Y;Single;2;3
102;Male;32;No;1;Y;Single;2;3
1020;Female;36;No;16;Y;Married;1;2
1021;Male;47;No;1;Y;Married;2;2
1022;Male;25;Yes;9;Y;Married;2;2
1023;Male;37;No;5;Y;Single;2;3
1024;Female;56;No;1;Y;Married;1;2
1025;Female;47;No;2;Y;Married;1;2
1026;Female;24;No;4;Y;Married;1;2
1027;Male;32;No;7;Y;Married;2;2
1028;Female;34;No;1;Y;Married;1;2
1029;Male;41;No;5;Y;Married;2;2
103;Female;20;Yes;6;Y;Single;1;3
1030;Male;40;No;9;Y;Divorced;2;1
1031;Male;31;No;8;Y;Divorced;2;1
1032;Male;46;Yes;9;Y;Divorced;2;1
1033;Female;39;Yes;2;Y;Single;1;3
1034;Female;31;Yes;1;Y;Single;1;3
1035;Male;45;No;20;Y;Divorced;2;1
1036;Female;31;No;8;Y;Single;1;3
1037;Male;31;Yes;2;Y;Married;2;2
1038;Male;45;No;29;Y;Married;2;2
1039;Male;48;No;7;Y;Divorced;2;1
104;Female;34;No;6;Y;Single;1;3
1040;Female;34;Yes;9;Y;Married;1;2
1041;Male;40;No;8;Y;Divorced;2;1
1042;Male;28;No;5;Y;Single;2;3
1043;Male;44;No;5;Y;Single;2;3
1044;Male;53;No;2;Y;Single;2;3
1045;Male;49;No;5;Y;Married;2;2
1046;Male;40;No;2;Y;Divorced;2;1
1047;Male;44;No;20;Y;Single;2;3
1048;Male;33;No;7;Y;Married;2;2
1049;Male;34;No;3;Y;Single;2;3
105;Male;37;No;2;Y;Divorced;2;1
1050;Male;30;No;16;Y;Married;2;2
1051;Female;42;No;9;Y;Single;1;3
1052;Female;44;No;1;Y;Married;1;2
1053;Male;30;No;7;Y;Divorced;2;1
1054;Male;57;No;1;Y;Married;2;2
1055;Male;49;No;7;Y;Divorced;2;1
1056;Male;34;No;15;Y;Divorced;2;1
1057;Male;28;Yes;1;Y;Married;2;2
1058;Female;29;Yes;13;Y;Single;1;3
1059;Female;34;Yes;24;Y;Single;1;3
106;Female;59;No;2;Y;Married;1;2
1060;Male;35;No;7;Y;Married;2;2
1061;Male;24;Yes;9;Y;Single;2;3
1062;Female;24;No;13;Y;Married;1;2
1063;Male;44;No;2;Y;Single;2;3
1064;Male;29;No;19;Y;Divorced;2;1
1065;Male;30;No;1;Y;Divorced;2;1
1066;Male;55;No;4;Y;Married;2;2
1067;Female;33;No;4;Y;Married;1;2
1068;Female;47;No;14;Y;Married;1;2
1069;Male;28;Yes;2;Y;Single;2;3
107;Female;50;No;1;Y;Married;1;2
1070;Male;28;No;1;Y;Divorced;2;1
1071;Male;28;No;7;Y;Single;2;3
1072;Female;49;No;3;Y;Married;1;2
1073;Female;29;No;2;Y;Married;1;2
1074;Male;28;No;29;Y;Married;2;2
1075;Male;33;No;8;Y;Single;2;3
1076;Male;32;No;10;Y;Single;2;3
1077;Female;54;No;11;Y;Divorced;1;1
1078;Male;29;Yes;1;Y;Single;2;3
1079;Male;44;No;28;Y;Married;2;2
108;Male;25;Yes;5;Y;Single;2;3
1080;Female;39;No;6;Y;Single;1;3
1081;Female;46;No;3;Y;Married;1;2
1082;Female;35;No;16;Y;Single;1;3
1083;Male;23;No;20;Y;Single;2;3
1084;Male;40;Yes;9;Y;Single;2;3
1085;Male;34;No;1;Y;Married;2;2
1086;Female;31;Yes;3;Y;Single;1;3
1087;Male;50;No;22;Y;Single;2;3
1088;Male;34;No;7;Y;Married;2;2
1089;Male;42;No;2;Y;Married;2;2
109;Male;25;No;7;Y;Married;2;2
1090;Male;37;No;13;Y;Married;2;2
1091;Female;29;No;8;Y;Married;1;2
1092;Male;33;No;25;Y;Single;2;3
1093;Male;45;No;28;Y;Married;2;2
1094;Male;42;No;2;Y;Married;2;2
1095;Male;40;No;9;Y;Married;2;2
1096;Male;33;No;28;Y;Married;2;2
1097;Male;40;No;6;Y;Single;2;3
1098;Male;24;No;21;Y;Divorced;2;1
1099;Male;40;No;8;Y;Divorced;2;1
11;Male;35;No;16;Y;Married;2;2
110;Female;22;No;15;Y;Single;1;3
1100;Male;45;No;1;Y;Divorced;2;1
1101;Female;35;No;28;Y;Married;1;2
1102;Female;32;No;5;Y;Married;1;2
1103;Male;36;No;2;Y;Single;2;3
1104;Female;48;No;16;Y;Divorced;1;1
1105;Male;29;No;9;Y;Married;2;2
1106;Male;33;No;8;Y;Married;2;2
1107;Male;30;Yes;1;Y;Married;2;2
1108;Male;38;No;10;Y;Married;2;2
1109;Male;35;No;1;Y;Single;2;3
111;Female;51;No;1;Y;Single;1;3
1110;Male;30;No;29;Y;Married;2;2
1111;Female;35;Yes;2;Y;Divorced;1;1
1112;Female;53;Yes;2;Y;Married;1;2
1113;Male;38;Yes;2;Y;Married;2;2
1114;Male;32;No;1;Y;Married;2;2
1115;Female;48;No;15;Y;Married;1;2
1116;Male;34;No;7;Y;Single;2;3
1117;Male;55;No;26;Y;Married;2;2
1118;Male;34;No;1;Y;Married;2;2
1119;Female;26;No;3;Y;Married;1;2
112;Male;34;Yes;7;Y;Single;2;3
1120;Male;38;No;14;Y;Married;2;2
1121;Female;38;No;16;Y;Single;1;3
1122;Female;36;No;1;Y;Single;1;3
1123;Male;29;No;3;Y;Single;2;3
1124;Female;35;No;10;Y;Single;1;3
1125;Male;39;No;6;Y;Married;2;2
1126;Male;29;No;2;Y;Divorced;2;1
1127;Male;50;No;9;Y;Married;2;2
1128;Male;23;No;10;Y;Married;2;2
1129;Male;36;No;6;Y;Married;2;2
113;Female;54;No;26;Y;Single;1;3
1130;Male;42;No;9;Y;Single;2;3
1131;Male;35;No;28;Y;Married;2;2
1132;Male;34;No;10;Y;Married;2;2
1133;Female;40;No;14;Y;Married;1;2
1134;Male;43;No;27;Y;Divorced;2;1
1135;Male;35;No;7;Y;Married;2;2
1136;Male;46;No;1;Y;Single;2;3
1137;Male;28;Yes;24;Y;Married;2;2
1138;Female;22;No;26;Y;Married;1;2
1139;Male;50;No;20;Y;Married;2;2
114;Male;24;No;18;Y;Married;2;2
1140;Female;32;No;5;Y;Married;1;2
1141;Female;44;No;7;Y;Divorced;1;1
1142;Male;30;No;7;Y;Married;2;2
1143;Female;45;No;5;Y;Single;1;3
1144;Male;45;No;26;Y;Married;2;2
1145;Male;31;No;2;Y;Single;2;3
1146;Female;36;No;12;Y;Married;1;2
1147;Male;34;No;10;Y;Divorced;2;1
1148;Female;49;No;25;Y;Married;1;2
1149;Male;39;No;10;Y;Married;2;2
115;Female;34;No;6;Y;Divorced;1;1
1150;Male;27;No;19;Y;Divorced;2;1
1151;Male;35;No;18;Y;Married;2;2
1152;Female;28;No;27;Y;Divorced;1;1
1153;Male;21;No;5;Y;Single;2;3
1154;Female;18;Yes;3;Y;Single;1;3
1155;Female;47;No;26;Y;Married;1;2
1156;Male;39;No;3;Y;Divorced;2;1
1157;Female;40;No;15;Y;Married;1;2
1158;Female;35;No;8;Y;Married;1;2
1159;Male;37;No;19;Y;Married;2;2
116;Male;37;No;3;Y;Single;2;3
1160;Female;39;No;4;Y;Single;1;3
1161;Female;45;No;2;Y;Divorced;1;1
1162;Female;38;No;2;Y;Married;1;2
1163;Male;35;Yes;10;Y;Married;2;2
1164;Female;37;No;10;Y;Married;1;2
1165;Female;40;No;16;Y;Single;1;3
1166;Male;44;No;1;Y;Married;2;2
1167;Male;48;No;4;Y;Married;2;2
1168;Male;35;Yes;15;Y;Divorced;2;1
1169;Female;24;No;2;Y;Single;1;3
117;Female;34;No;5;Y;Single;1;3
1170;Female;27;No;8;Y;Married;1;2
1171;Male;27;No;2;Y;Single;2;3
1172;Male;40;Yes;7;Y;Single;2;3
1173;Male;29;No;10;Y;Single;2;3
1174;Female;36;No;5;Y;Married;1;2
1175;Male;25;No;2;Y;Divorced;2;1
1176;Male;39;No;12;Y;Married;2;2
1177;Female;49;No;22;Y;Married;1;2
1178;Female;50;No;17;Y;Divorced;1;1
1179;Female;20;No;2;Y;Single;1;3
118;Female;36;No;11;Y;Married;1;2
1180;Female;34;No;3;Y;Divorced;1;1
1181;Male;36;No;7;Y;Single;2;3
1182;Female;49;No;6;Y;Married;1;2
1183;Female;36;No;1;Y;Married;1;2
1184;Male;36;No;3;Y;Divorced;2;1
1185;Female;54;No;22;Y;Married;1;2
1186;Male;43;No;15;Y;Married;2;2
1187;Male;35;Yes;12;Y;Single;2;3
1188;Male;38;No;1;Y;Married;2;2
1189;Male;29;No;5;Y;Divorced;2;1
119;Female;36;No;3;Y;Divorced;1;1
1190;Male;33;No;2;Y;Divorced;2;1
1191;Male;32;No;2;Y;Divorced;2;1
1192;Female;31;No;5;Y;Married;1;2
1193;Female;49;No;16;Y;Divorced;1;1
1194;Female;38;No;2;Y;Single;1;3
1195;Female;47;No;2;Y;Divorced;1;1
1196;Male;49;No;1;Y;Single;2;3
1197;Male;41;No;23;Y;Single;2;3
1198;Male;20;No;9;Y;Single;2;3
1199;Female;33;No;16;Y;Divorced;1;1
12;Female;29;No;15;Y;Single;1;3
120;Male;43;No;26;Y;Married;2;2
1200;Male;36;No;26;Y;Married;2;2
1201;Female;44;No;1;Y;Divorced;1;1
1202;Male;23;Yes;8;Y;Single;2;3
1203;Female;38;No;4;Y;Married;1;2
1204;Male;53;No;24;Y;Married;2;2
1205;Female;48;Yes;7;Y;Married;1;2
1206;Male;32;Yes;2;Y;Single;2;3
1207;Male;26;No;7;Y;Single;2;3
1208;Male;55;No;22;Y;Divorced;2;1
1209;Male;34;No;5;Y;Married;2;2
121;Male;30;No;23;Y;Divorced;2;1
1210;Male;60;No;1;Y;Divorced;2;1
1211;Male;33;No;21;Y;Married;2;2
1212;Male;37;No;1;Y;Divorced;2;1
1213;Female;34;No;19;Y;Married;1;2
1214;Male;23;Yes;7;Y;Divorced;2;1
1215;Female;44;No;2;Y;Married;1;2
1216;Male;35;No;2;Y;Single;2;3
1217;Male;43;No;2;Y;Married;2;2
1218;Male;24;No;9;Y;Married;2;2
1219;Male;41;No;6;Y;Single;2;3
122;Male;33;No;22;Y;Married;2;2
1220;Female;29;No;9;Y;Married;1;2
1221;Female;36;No;2;Y;Single;1;3
1222;Male;45;No;1;Y;Married;2;2
1223;Male;24;Yes;22;Y;Married;2;2
1224;Male;47;Yes;9;Y;Married;2;2
1225;Male;26;No;17;Y;Married;2;2
1226;Female;45;No;28;Y;Single;1;3
1227;Male;32;No;10;Y;Married;2;2
1228;Male;31;No;2;Y;Married;2;2
1229;Male;41;No;4;Y;Married;2;2
123;Female;56;Yes;14;Y;Married;1;2
1230;Female;40;No;8;Y;Married;1;2
1231;Male;24;No;29;Y;Divorced;2;1
1232;Male;46;No;13;Y;Single;2;3
1233;Male;35;No;27;Y;Married;2;2
1234;Male;30;No;16;Y;Married;2;2
1235;Male;47;No;2;Y;Married;2;2
1236;Male;46;No;2;Y;Divorced;2;1
1237;Male;36;Yes;13;Y;Divorced;2;1
1238;Male;32;Yes;1;Y;Single;2;3
1239;Female;23;No;4;Y;Single;1;3
124;Male;51;No;6;Y;Single;2;3
1240;Female;31;No;24;Y;Single;1;3
1241;Male;39;No;1;Y;Married;2;2
1242;Male;32;No;19;Y;Married;2;2
1243;Male;40;No;7;Y;Single;2;3
1244;Female;45;No;4;Y;Married;1;2
1245;Female;30;No;2;Y;Single;1;3
1246;Male;24;No;10;Y;Married;2;2
1247;Female;30;Yes;8;Y;Divorced;1;1
1248;Male;31;No;5;Y;Married;2;2
1249;Female;27;No;8;Y;Single;1;3
125;Male;31;Yes;6;Y;Married;2;2
1250;Female;29;Yes;9;Y;Single;1;3
1251;Male;29;No;1;Y;Single;2;3
1252;Male;30;No;15;Y;Divorced;2;1
1253;Male;34;No;2;Y;Married;2;2
1254;Female;33;No;2;Y;Single;1;3
1255;Female;49;No;11;Y;Single;1;3
1256;Female;33;Yes;16;Y;Single;1;3
1257;Female;38;No;2;Y;Married;1;2
1258;Male;31;Yes;16;Y;Married;2;2
1259;Female;29;No;4;Y;Divorced;1;1
126;Female;26;No;6;Y;Married;1;2
1260;Male;30;No;16;Y;Married;2;2
1261;Male;32;No;5;Y;Single;2;3
1262;Male;38;No;18;Y;Married;2;2
1263;Male;43;Yes;17;Y;Married;2;2
1264;Male;42;No;12;Y;Divorced;2;1
1265;Male;55;No;2;Y;Married;2;2
1266;Male;33;No;4;Y;Divorced;2;1
1267;Male;41;No;9;Y;Divorced;2;1
1268;Male;34;No;10;Y;Divorced;2;1
1269;Female;53;No;1;Y;Married;1;2
127;Female;58;Yes;23;Y;Married;1;2
1270;Male;43;No;2;Y;Single;2;3
1271;Female;34;No;3;Y;Single;1;3
1272;Male;21;Yes;7;Y;Single;2;3
1273;Female;38;No;6;Y;Married;1;2
1274;Female;22;Yes;8;Y;Married;1;2
1275;Female;31;No;29;Y;Married;1;2
1276;Female;51;No;3;Y;Married;1;2
1277;Male;37;No;9;Y;Married;2;2
1278;Male;46;No;2;Y;Divorced;2;1
1279;Male;36;No;10;Y;Married;2;2
128;Male;19;Yes;22;Y;Single;2;3
1280;Male;44;Yes;1;Y;Divorced;2;1
1281;Male;37;No;8;Y;Divorced;2;1
1282;Male;35;Yes;27;Y;Single;2;3
1283;Male;33;No;8;Y;Married;2;2
1284;Male;28;No;1;Y;Married;2;2
1285;Male;39;No;10;Y;Single;2;3
1286;Male;46;No;26;Y;Single;2;3
1287;Female;40;No;2;Y;Married;1;2
1288;Male;42;No;13;Y;Married;2;2
1289;Male;35;No;2;Y;Divorced;2;1
129;Male;22;No;2;Y;Married;2;2
1290;Male;38;No;2;Y;Divorced;2;1
1291;Male;34;Yes;9;Y;Married;2;2
1292;Male;37;Yes;10;Y;Single;2;3
1293;Male;39;No;20;Y;Divorced;2;1
1294;Male;43;No;9;Y;Single;2;3
1295;Male;41;No;5;Y;Single;2;3
1296;Female;41;No;4;Y;Divorced;1;1
1297;Female;30;No;10;Y;Single;1;3
1298;Female;26;Yes;20;Y;Married;1;2
1299;Female;46;Yes;21;Y;Married;1;2
13;Male;31;No;26;Y;Divorced;2;1
130;Female;49;No;20;Y;Married;1;2
1300;Female;40;No;1;Y;Divorced;1;1
1301;Male;34;No;8;Y;Married;2;2
1302;Male;58;No;2;Y;Divorced;2;1
1303;Male;35;No;23;Y;Married;2;2
1304;Female;47;No;4;Y;Divorced;1;1
1305;Female;40;No;12;Y;Divorced;1;1
1306;Female;54;No;7;Y;Married;1;2
1307;Female;31;No;7;Y;Married;1;2
1308;Female;28;No;1;Y;Married;1;2
1309;Female;38;No;2;Y;Married;1;2
131;Female;43;No;28;Y;Single;1;3
1310;Male;26;No;10;Y;Single;2;3
1311;Male;58;No;15;Y;Married;2;2
1312;Female;18;No;14;Y;Single;1;3
1313;Male;31;Yes;18;Y;Married;2;2
1314;Male;29;Yes;13;Y;Divorced;2;1
1315;Female;45;No;2;Y;Married;1;2
1316;Female;36;No;2;Y;Married;1;2
1317;Male;43;No;2;Y;Married;2;2
1318;Female;27;No;5;Y;Single;1;3
1319;Male;29;No;20;Y;Married;2;2
132;Female;50;No;12;Y;Single;1;3
1320;Male;32;No;10;Y;Single;2;3
1321;Male;42;No;10;Y;Married;2;2
1322;Female;47;No;9;Y;Single;1;3
1323;Male;46;No;2;Y;Divorced;2;1
1324;Male;28;No;1;Y;Divorced;2;1
1325;Male;29;No;29;Y;Divorced;2;1
1326;Male;42;No;8;Y;Single;2;3
1327;Male;32;Yes;2;Y;Single;2;3
1328;Female;46;No;3;Y;Divorced;1;1
1329;Female;27;No;23;Y;Married;1;2
133;Female;31;Yes;20;Y;Married;1;2
1330;Male;29;No;6;Y;Married;2;2
1331;Female;43;No;6;Y;Married;1;2
1332;Male;48;No;10;Y;Married;2;2
1333;Male;29;Yes;24;Y;Single;2;3
1334;Female;46;Yes;10;Y;Married;1;2
1335;Female;27;No;15;Y;Married;1;2
1336;Male;39;No;19;Y;Divorced;2;1
1337;Male;55;No;2;Y;Married;2;2
1338;Female;28;No;3;Y;Married;1;2
1339;Male;30;Yes;9;Y;Single;2;3
134;Male;41;No;9;Y;Divorced;2;1
1340;Male;22;Yes;7;Y;Single;2;3
1341;Female;36;No;10;Y;Married;1;2
1342;Male;31;No;20;Y;Divorced;2;1
1343;Male;34;No;4;Y;Married;2;2
1344;Male;29;No;7;Y;Single;2;3
1345;Male;37;No;7;Y;Married;2;2
1346;Female;35;No;16;Y;Married;1;2
1347;Female;45;No;25;Y;Married;1;2
1348;Male;36;No;2;Y;Single;2;3
1349;Male;40;No;1;Y;Divorced;2;1
135;Female;26;No;25;Y;Married;1;2
1350;Female;26;No;1;Y;Married;1;2
1351;Female;27;No;2;Y;Single;1;3
1352;Female;48;No;22;Y;Divorced;1;1
1353;Male;44;No;1;Y;Married;2;2
1354;Male;34;Yes;16;Y;Married;2;2
1355;Male;56;Yes;24;Y;Single;2;3
1356;Male;36;No;17;Y;Married;2;2
1357;Female;41;No;8;Y;Married;1;2
1358;Male;42;No;6;Y;Married;2;2
1359;Female;31;No;10;Y;Divorced;1;1
136;Male;36;No;6;Y;Divorced;2;1
1360;Female;34;No;3;Y;Married;1;2
1361;Female;31;No;4;Y;Divorced;1;1
1362;Male;26;No;6;Y;Married;2;2
1363;Male;45;No;1;Y;Single;2;3
1364;Male;33;No;10;Y;Single;2;3
1365;Male;28;No;1;Y;Married;2;2
1366;Male;29;Yes;24;Y;Single;2;3
1367;Female;39;No;21;Y;Married;1;2
1368;Male;27;No;2;Y;Married;2;2
1369;Male;34;No;22;Y;Married;2;2
137;Male;51;Yes;8;Y;Single;2;3
1370;Female;28;Yes;13;Y;Single;1;3
1371;Male;47;No;14;Y;Married;2;2
1372;Female;56;No;11;Y;Married;1;2
1373;Male;39;No;9;Y;Married;2;2
1374;Female;38;No;8;Y;Divorced;1;1
1375;Female;58;No;21;Y;Married;1;2
1376;Female;32;Yes;5;Y;Single;1;3
1377;Male;38;No;9;Y;Divorced;2;1
1378;Male;49;No;2;Y;Married;2;2
1379;Male;42;No;12;Y;Divorced;2;1
138;Female;39;No;4;Y;Married;1;2
1380;Female;27;Yes;22;Y;Married;1;2
1381;Male;35;No;18;Y;Married;2;2
1382;Male;28;No;16;Y;Single;2;3
1383;Male;31;No;3;Y;Divorced;2;1
1384;Male;36;No;9;Y;Married;2;2
1385;Male;34;No;1;Y;Single;2;3
1386;Male;34;No;13;Y;Divorced;2;1
1387;Male;26;No;1;Y;Single;2;3
1388;Male;29;No;1;Y;Married;2;2
1389;Female;32;No;15;Y;Divorced;1;1
139;Male;25;No;28;Y;Married;2;2
1390;Male;31;No;1;Y;Married;2;2
1391;Male;28;Yes;17;Y;Divorced;2;1
1392;Male;38;No;1;Y;Single;2;3
1393;Female;35;No;7;Y;Married;1;2
1394;Male;27;No;9;Y;Single;2;3
1395;Male;32;No;5;Y;Single;2;3
1396;Male;31;Yes;26;Y;Married;2;2
1397;Male;53;Yes;24;Y;Single;2;3
1398;Female;54;No;9;Y;Married;1;2
1399;Male;33;No;7;Y;Divorced;2;1
14;Male;34;No;19;Y;Divorced;2;1
140;Male;30;No;9;Y;Married;2;2
1400;Male;43;No;11;Y;Married;2;2
1401;Male;38;No;1;Y;Married;2;2
1402;Male;55;No;26;Y;Married;2;2
1403;Female;31;No;2;Y;Divorced;1;1
1404;Male;39;No;15;Y;Single;2;3
1405;Male;42;No;23;Y;Single;2;3
1406;Female;31;No;10;Y;Married;1;2
1407;Female;54;No;10;Y;Single;1;3
1408;Male;24;No;1;Y;Single;2;3
1409;Male;23;No;12;Y;Single;2;3
141;Female;32;Yes;9;Y;Single;1;3
1410;Female;40;No;11;Y;Married;1;2
1411;Female;40;No;2;Y;Married;1;2
1412;Female;25;No;2;Y;Married;1;2
1413;Male;30;No;1;Y;Married;2;2
1414;Male;25;No;2;Y;Divorced;2;1
1415;Male;47;No;25;Y;Single;2;3
1416;Male;33;No;1;Y;Divorced;2;1
1417;Male;38;No;1;Y;Married;2;2
1418;Male;31;No;2;Y;Married;2;2
1419;Male;38;No;6;Y;Married;2;2
142;Male;45;No;29;Y;Single;2;3
1420;Male;42;No;18;Y;Divorced;2;1
1421;Male;41;No;1;Y;Married;2;2
1422;Female;47;No;1;Y;Married;1;2
1423;Male;35;No;11;Y;Married;2;2
1424;Male;22;No;1;Y;Single;2;3
1425;Male;35;No;9;Y;Single;2;3
1426;Female;33;No;15;Y;Married;1;2
1427;Female;32;No;29;Y;Single;1;3
1428;Male;40;No;1;Y;Married;2;2
1429;Male;32;No;1;Y;Married;2;2
143;Female;38;No;3;Y;Single;1;3
1430;Male;39;No;24;Y;Single;2;3
1431;Female;38;No;10;Y;Married;1;2
1432;Female;32;No;1;Y;Married;1;2
1433;Female;37;No;10;Y;Married;1;2
1434;Female;25;No;8;Y;Divorced;1;1
1435;Male;52;No;29;Y;Divorced;2;1
1436;Male;44;No;1;Y;Single;2;3
1437;Male;21;No;5;Y;Single;2;3
1438;Male;39;No;9;Y;Single;2;3
1439;Male;23;Yes;9;Y;Married;2;2
144;Female;30;No;18;Y;Single;1;3
1440;Female;36;No;3;Y;Married;1;2
1441;Female;36;No;4;Y;Divorced;1;1
1442;Male;56;No;1;Y;Divorced;2;1
1443;Male;29;Yes;1;Y;Married;2;2
1444;Male;42;No;2;Y;Married;2;2
1445;Male;56;Yes;7;Y;Married;2;2
1446;Female;41;No;28;Y;Married;1;2
1447;Female;34;No;28;Y;Married;1;2
1448;Male;36;No;15;Y;Divorced;2;1
1449;Male;41;No;3;Y;Divorced;2;1
145;Male;32;No;9;Y;Divorced;2;1
1450;Male;32;No;2;Y;Single;2;3
1451;Female;35;No;26;Y;Single;1;3
1452;Female;38;No;10;Y;Married;1;2
1453;Male;50;Yes;1;Y;Divorced;2;1
1454;Female;36;No;11;Y;Married;1;2
1455;Female;45;No;20;Y;Single;1;3
1456;Male;40;No;2;Y;Single;2;3
1457;Male;35;No;18;Y;Married;2;2
1458;Female;40;No;2;Y;Married;1;2
1459;Female;35;No;1;Y;Married;1;2
146;Female;30;No;5;Y;Divorced;1;1
1460;Male;29;No;13;Y;Married;2;2
1461;Female;29;No;28;Y;Single;1;3
1462;Male;50;Yes;28;Y;Divorced;2;1
1463;Female;39;No;24;Y;Married;1;2
1464;Male;31;No;5;Y;Single;2;3
1465;Female;26;No;5;Y;Single;1;3
1466;Male;36;No;23;Y;Married;2;2
1467;Male;39;No;6;Y;Married;2;2
1468;Male;27;No;4;Y;Married;2;2
1469;Male;49;No;2;Y;Married;2;2
147;Male;30;No;2;Y;Single;2;3
1470;Male;34;No;8;Y;Married;2;2
148;Male;41;No;10;Y;Divorced;2;1
149;Male;41;No;9;Y;Married;2;2
15;Male;28;Yes;24;Y;Single;2;3
150;Female;19;No;3;Y;Single;1;3
151;Female;40;No;26;Y;Divorced;1;1
152;Male;35;No;1;Y;Married;2;2
153;Male;53;No;6;Y;Married;2;2
154;Male;45;No;9;Y;Divorced;2;1
155;Female;32;No;8;Y;Single;1;3
156;Male;29;No;1;Y;Married;2;2
157;Male;51;No;7;Y;Married;2;2
158;Female;58;No;9;Y;Married;1;2
159;Male;40;No;4;Y;Married;2;2
16;Female;29;No;21;Y;Divorced;1;1
160;Female;34;No;2;Y;Married;1;2
161;Male;22;No;19;Y;Married;2;2
162;Male;27;No;9;Y;Divorced;2;1
163;Male;28;No;21;Y;Married;2;2
164;Male;57;No;24;Y;Divorced;2;1
165;Male;27;No;3;Y;Divorced;2;1
166;Female;50;No;11;Y;Single;1;3
167;Male;41;No;14;Y;Divorced;2;1
168;Female;30;No;5;Y;Married;1;2
169;Female;38;No;1;Y;Single;1;3
17;Male;32;No;5;Y;Divorced;2;1
170;Male;32;No;6;Y;Single;2;3
171;Male;27;No;17;Y;Married;2;2
172;Female;19;Yes;1;Y;Single;1;3
173;Male;36;No;3;Y;Single;2;3
174;Male;30;No;9;Y;Divorced;2;1
175;Female;45;No;4;Y;Divorced;1;1
176;Female;56;No;8;Y;Divorced;1;1
177;Male;33;No;2;Y;Single;2;3
178;Male;19;Yes;2;Y;Single;2;3
179;Female;46;No;1;Y;Divorced;1;1
18;Male;22;No;16;Y;Divorced;2;1
180;Female;38;No;9;Y;Single;1;3
181;Female;31;No;12;Y;Married;1;2
182;Female;34;No;27;Y;Single;1;3
183;Female;41;Yes;20;Y;Single;1;3
184;Male;50;No;1;Y;Married;2;2
185;Female;53;No;13;Y;Divorced;1;1
186;Female;33;No;14;Y;Married;1;2
187;Female;40;No;4;Y;Married;1;2
188;Male;55;No;14;Y;Single;2;3
189;Male;34;No;2;Y;Married;2;2
19;Female;53;No;2;Y;Married;1;2
190;Female;51;No;3;Y;Single;1;3
191;Male;52;No;1;Y;Married;2;2
192;Female;27;No;9;Y;Single;1;3
193;Male;35;Yes;23;Y;Married;2;2
194;Male;43;No;7;Y;Divorced;2;1
195;Male;45;No;2;Y;Married;2;2
196;Male;37;No;21;Y;Married;2;2
197;Female;35;No;2;Y;Single;1;3
198;Female;42;No;21;Y;Divorced;1;1
199;Male;38;No;2;Y;Married;2;2
2;Male;49;No;8;Y;Married;2;2
20;Male;38;No;2;Y;Single;2;3
200;Male;38;No;29;Y;Married;2;2
201;Male;27;No;1;Y;Married;2;2
202;Male;49;No;18;Y;Divorced;2;1
203;Male;34;No;10;Y;Divorced;2;1
204;Male;40;No;19;Y;Married;2;2
205;Male;38;Yes;29;Y;Married;2;2
206;Female;29;Yes;27;Y;Married;1;2
207;Male;22;No;5;Y;Divorced;2;1
208;Female;36;No;18;Y;Single;1;3
209;Male;40;No;9;Y;Married;2;2
21;Female;24;No;11;Y;Divorced;1;1
210;Male;46;No;1;Y;Divorced;2;1
211;Male;32;Yes;4;Y;Married;2;2
212;Male;30;No;1;Y;Single;2;3
213;Female;27;No;20;Y;Single;1;3
214;Male;51;No;8;Y;Married;2;2
215;Female;30;Yes;3;Y;Single;1;3
216;Female;41;No;6;Y;Single;1;3
217;Female;30;Yes;26;Y;Single;1;3
218;Male;29;Yes;1;Y;Single;2;3
219;Female;45;No;6;Y;Single;1;3
22;Male;36;Yes;9;Y;Single;2;3
220;Female;54;No;3;Y;Married;1;2
221;Male;36;No;5;Y;Single;2;3
222;Female;33;No;4;Y;Married;1;2
223;Male;37;No;11;Y;Divorced;2;1
224;Male;38;No;3;Y;Divorced;2;1
225;Male;31;No;1;Y;Married;2;2
226;Male;59;No;3;Y;Married;2;2
227;Male;37;No;4;Y;Divorced;2;1
228;Female;29;No;1;Y;Married;1;2
229;Female;35;No;1;Y;Single;1;3
23;Female;34;No;7;Y;Single;1;3
230;Male;29;Yes;18;Y;Single;2;3
231;Female;52;No;2;Y;Single;1;3
232;Male;42;No;4;Y;Married;2;2
233;Male;59;No;6;Y;Married;2;2
234;Female;50;No;1;Y;Divorced;1;1
235;Male;33;Yes;14;Y;Married;2;2
236;Female;43;No;16;Y;Married;1;2
237;Female;33;Yes;2;Y;Married;1;2
238;Male;52;No;2;Y;Single;2;3
239;Female;32;No;4;Y;Married;1;2
24;Male;21;No;15;Y;Single;2;3
240;Male;32;Yes;1;Y;Single;2;3
241;Female;39;No;1;Y;Divorced;1;1
242;Male;32;No;26;Y;Married;2;2
243;Male;41;No;19;Y;Divorced;2;1
244;Male;40;No;24;Y;Divorced;2;1
245;Male;45;No;1;Y;Married;2;2
246;Male;31;No;3;Y;Divorced;2;1
247;Female;33;No;5;Y;Married;1;2
248;Male;34;No;2;Y;Married;2;2
249;Female;37;No;1;Y;Married;1;2
25;Male;34;Yes;6;Y;Single;2;3
250;Male;45;No;7;Y;Married;2;2
251;Male;37;Yes;10;Y;Divorced;2;1
252;Female;39;No;2;Y;Single;1;3
253;Male;29;No;15;Y;Single;2;3
254;Female;42;No;17;Y;Single;1;3
255;Male;29;No;20;Y;Divorced;2;1
256;Female;25;No;1;Y;Married;1;2
257;Female;42;No;2;Y;Divorced;1;1
258;Male;40;No;2;Y;Divorced;2;1
259;Male;51;No;1;Y;Married;2;2
26;Female;53;No;5;Y;Divorced;1;1
260;Male;31;Yes;29;Y;Single;2;3
261;Male;32;No;7;Y;Married;2;2
262;Male;38;No;2;Y;Married;2;2
263;Male;32;No;2;Y;Single;2;3
264;Female;46;No;2;Y;Married;1;2
265;Male;28;Yes;2;Y;Single;2;3
266;Male;29;No;2;Y;Married;2;2
267;Male;31;No;23;Y;Married;2;2
268;Male;25;No;5;Y;Divorced;2;1
269;Male;45;No;20;Y;Married;2;2
27;Female;32;Yes;16;Y;Single;1;3
270;Male;36;No;6;Y;Married;2;2
271;Male;55;No;1;Y;Single;2;3
272;Male;47;Yes;29;Y;Married;2;2
273;Male;28;No;9;Y;Married;2;2
274;Male;37;No;6;Y;Married;2;2
275;Male;21;No;3;Y;Single;2;3
276;Female;37;No;1;Y;Divorced;1;1
277;Female;35;No;22;Y;Divorced;1;1
278;Female;38;No;7;Y;Divorced;1;1
279;Female;26;No;1;Y;Divorced;1;1
28;Male;42;No;8;Y;Married;2;2
280;Male;50;No;4;Y;Divorced;2;1
281;Male;53;No;3;Y;Married;2;2
282;Male;42;No;1;Y;Married;2;2
283;Male;29;No;2;Y;Single;2;3
284;Male;55;No;20;Y;Married;2;2
285;Male;26;No;11;Y;Married;2;2
286;Female;37;No;1;Y;Single;1;3
287;Male;44;Yes;24;Y;Divorced;2;1
288;Male;38;No;23;Y;Divorced;2;1
289;Male;26;Yes;16;Y;Divorced;2;1
29;Female;44;No;7;Y;Married;1;2
290;Female;28;No;8;Y;Single;1;3
291;Female;49;No;10;Y;Single;1;3
292;Male;36;No;3;Y;Single;2;3
293;Female;31;No;5;Y;Divorced;1;1
294;Male;26;Yes;4;Y;Single;2;3
295;Male;37;No;9;Y;Married;2;2
296;Female;42;No;26;Y;Married;1;2
297;Male;18;Yes;3;Y;Single;2;3
298;Male;35;No;16;Y;Married;2;2
299;Male;36;No;18;Y;Married;2;2
3;Male;37;Yes;2;Y;Single;2;3
30;Female;46;No;2;Y;Single;1;3
300;Male;51;No;2;Y;Divorced;2;1
301;Male;41;No;2;Y;Single;2;3
302;Female;18;No;10;Y;Single;1;3
303;Male;28;No;16;Y;Single;2;3
304;Male;31;No;7;Y;Married;2;2
305;Male;39;No;1;Y;Divorced;2;1
306;Female;36;No;24;Y;Married;1;2
307;Male;32;No;7;Y;Married;2;2
308;Female;38;No;25;Y;Married;1;2
309;Male;58;No;1;Y;Divorced;2;1
31;Male;33;No;2;Y;Single;2;3
310;Male;31;No;5;Y;Married;2;2
311;Male;31;No;2;Y;Married;2;2
312;Male;45;No;7;Y;Divorced;2;1
313;Male;31;No;2;Y;Divorced;2;1
314;Female;33;No;5;Y;Married;1;2
315;Male;39;No;10;Y;Married;2;2
316;Female;43;No;10;Y;Single;1;3
317;Female;49;No;1;Y;Single;1;3
318;Male;52;Yes;8;Y;Married;2;2
319;Female;27;No;5;Y;Single;1;3
32;Male;44;No;10;Y;Married;2;2
320;Female;32;No;8;Y;Married;1;2
321;Male;27;No;2;Y;Single;2;3
322;Male;31;No;7;Y;Divorced;2;1
323;Female;32;No;2;Y;Single;1;3
324;Male;28;Yes;2;Y;Married;2;2
325;Female;30;No;28;Y;Married;1;2
326;Female;31;No;7;Y;Married;1;2
327;Male;39;No;7;Y;Married;2;2
328;Female;39;Yes;3;Y;Married;1;2
329;Male;33;No;10;Y;Single;2;3
33;Male;30;No;9;Y;Single;2;3
330;Male;47;No;5;Y;Married;2;2
331;Female;43;No;10;Y;Divorced;1;1
332;Male;27;No;1;Y;Married;2;2
333;Female;54;No;20;Y;Single;1;3
334;Female;43;No;7;Y;Married;1;2
335;Male;45;No;8;Y;Married;2;2
336;Male;40;No;1;Y;Married;2;2
337;Male;29;Yes;8;Y;Married;2;2
338;Male;29;No;9;Y;Single;2;3
339;Female;30;No;5;Y;Divorced;1;1
34;Male;39;Yes;5;Y;Married;2;2
340;Female;27;No;8;Y;Married;1;2
341;Male;37;No;5;Y;Divorced;2;1
342;Male;38;No;15;Y;Divorced;2;1
343;Female;31;No;7;Y;Single;1;3
344;Female;29;No;10;Y;Divorced;1;1
345;Male;35;No;5;Y;Single;2;3
346;Male;23;No;26;Y;Divorced;2;1
347;Male;41;No;6;Y;Single;2;3
348;Male;47;No;4;Y;Single;2;3
349;Female;42;No;23;Y;Single;1;3
35;Male;24;Yes;1;Y;Married;2;2
350;Male;29;No;2;Y;Married;2;2
351;Male;42;No;2;Y;Divorced;2;1
352;Female;32;No;2;Y;Married;1;2
353;Female;48;No;29;Y;Married;1;2
354;Male;37;No;6;Y;Divorced;2;1
355;Female;30;No;25;Y;Married;1;2
356;Male;26;No;1;Y;Married;2;2
357;Male;42;No;2;Y;Single;2;3
358;Female;21;Yes;1;Y;Single;1;3
359;Female;36;No;1;Y;Single;1;3
36;Female;43;No;2;Y;Divorced;1;1
360;Male;36;No;3;Y;Married;2;2
361;Male;57;No;1;Y;Married;2;2
362;Female;40;No;10;Y;Married;1;2
363;Male;21;No;9;Y;Single;2;3
364;Female;33;Yes;5;Y;Single;1;3
365;Female;37;No;10;Y;Married;1;2
366;Female;46;No;7;Y;Married;1;2
367;Male;41;Yes;4;Y;Single;2;3
368;Male;50;No;10;Y;Single;2;3
369;Male;40;Yes;22;Y;Married;2;2
37;Male;50;Yes;3;Y;Married;2;2
370;Male;31;No;9;Y;Single;2;3
371;Female;21;Yes;12;Y;Single;1;3
372;Male;29;No;23;Y;Single;2;3
373;Male;35;No;9;Y;Single;2;3
374;Male;27;No;1;Y;Divorced;2;1
375;Male;28;No;9;Y;Single;2;3
376;Male;49;No;7;Y;Single;2;3
377;Female;51;No;14;Y;Married;1;2
378;Female;36;No;2;Y;Married;1;2
379;Male;34;Yes;19;Y;Single;2;3
38;Female;35;No;2;Y;Married;1;2
380;Female;55;No;2;Y;Single;1;3
381;Female;24;No;10;Y;Divorced;1;1
382;Male;30;No;2;Y;Married;2;2
383;Male;26;Yes;3;Y;Single;2;3
384;Female;22;No;11;Y;Married;1;2
385;Male;36;No;2;Y;Married;2;2
386;Male;30;Yes;4;Y;Single;2;3
387;Female;37;No;14;Y;Divorced;1;1
388;Female;40;No;2;Y;Divorced;1;1
389;Female;42;No;1;Y;Divorced;1;1
39;Female;36;No;5;Y;Married;1;2
390;Male;37;No;10;Y;Single;2;3
391;Male;43;No;12;Y;Divorced;2;1
392;Female;40;No;2;Y;Married;1;2
393;Male;54;No;5;Y;Married;2;2
394;Female;34;No;4;Y;Married;1;2
395;Female;31;No;7;Y;Married;1;2
396;Male;43;No;21;Y;Married;2;2
397;Female;43;No;8;Y;Divorced;1;1
398;Female;25;No;4;Y;Single;1;3
399;Female;37;No;25;Y;Married;1;2
4;Female;33;No;3;Y;Married;1;2
40;Female;33;No;1;Y;Married;1;2
400;Male;31;No;1;Y;Married;2;2
401;Male;39;No;1;Y;Divorced;2;1
402;Female;56;No;6;Y;Married;1;2
403;Female;30;No;12;Y;Single;1;3
404;Male;41;No;1;Y;Married;2;2
405;Male;28;No;17;Y;Divorced;2;1
406;Male;25;Yes;3;Y;Married;2;2
407;Male;52;No;3;Y;Married;2;2
408;Male;45;No;10;Y;Married;2;2
409;Female;52;No;4;Y;Married;1;2
41;Male;35;No;4;Y;Divorced;2;1
410;Female;42;No;29;Y;Divorced;1;1
411;Female;30;No;2;Y;Single;1;3
412;Female;60;No;7;Y;Married;1;2
413;Female;46;No;18;Y;Divorced;1;1
414;Female;42;No;28;Y;Married;1;2
415;Female;24;Yes;1;Y;Single;1;3
416;Female;34;Yes;6;Y;Divorced;1;1
417;Male;38;No;2;Y;Married;2;2
418;Female;40;No;2;Y;Married;1;2
419;Female;26;No;23;Y;Divorced;1;1
42;Female;27;No;2;Y;Divorced;1;1
420;Male;30;No;3;Y;Married;2;2
421;Male;29;No;3;Y;Married;2;2
422;Female;29;Yes;25;Y;Married;1;2
423;Male;19;Yes;2;Y;Single;2;3
424;Female;30;No;22;Y;Married;1;2
425;Male;57;No;29;Y;Divorced;2;1
426;Male;50;No;29;Y;Married;2;2
427;Female;30;No;2;Y;Single;1;3
428;Female;60;No;28;Y;Married;1;2
429;Female;47;No;2;Y;Divorced;1;1
43;Male;26;Yes;25;Y;Single;2;3
430;Male;46;No;2;Y;Married;2;2
431;Male;35;No;22;Y;Single;2;3
432;Female;54;No;8;Y;Single;1;3
433;Male;34;No;2;Y;Divorced;2;1
434;Female;46;No;10;Y;Married;1;2
435;Male;31;No;9;Y;Divorced;2;1
436;Male;33;Yes;15;Y;Married;2;2
437;Male;33;Yes;10;Y;Divorced;2;1
438;Male;30;No;7;Y;Single;2;3
439;Male;35;No;16;Y;Married;2;2
44;Male;27;No;8;Y;Single;2;3
440;Male;31;Yes;20;Y;Married;2;2
441;Female;34;Yes;23;Y;Divorced;1;1
442;Male;42;No;5;Y;Married;2;2
443;Male;36;No;10;Y;Single;2;3
444;Male;22;Yes;4;Y;Single;2;3
445;Female;48;No;2;Y;Married;1;2
446;Female;55;No;18;Y;Single;1;3
447;Male;41;No;10;Y;Single;2;3
448;Male;35;No;1;Y;Married;2;2
449;Female;40;No;6;Y;Single;1;3
45;Female;30;No;1;Y;Single;1;3
450;Female;39;No;8;Y;Married;1;2
451;Male;31;No;2;Y;Single;2;3
452;Male;42;No;24;Y;Married;2;2
453;Male;45;No;2;Y;Married;2;2
454;Female;26;Yes;17;Y;Divorced;1;1
455;Male;29;No;19;Y;Divorced;2;1
456;Female;33;No;1;Y;Divorced;1;1
457;Male;31;No;7;Y;Divorced;2;1
458;Male;18;Yes;5;Y;Single;2;3
459;Male;40;No;28;Y;Divorced;2;1
46;Female;41;Yes;12;Y;Married;1;2
460;Female;41;No;2;Y;Single;1;3
461;Male;26;No;29;Y;Divorced;2;1
462;Female;35;No;1;Y;Single;1;3
463;Male;34;No;21;Y;Single;2;3
464;Male;26;Yes;24;Y;Single;2;3
465;Female;37;No;1;Y;Single;1;3
466;Female;46;No;18;Y;Married;1;2
467;Female;41;No;2;Y;Married;1;2
468;Male;37;No;9;Y;Divorced;2;1
469;Male;52;No;6;Y;Divorced;2;1
47;Male;34;No;23;Y;Single;2;3
470;Male;32;Yes;11;Y;Married;2;2
471;Male;24;No;24;Y;Married;2;2
472;Female;38;No;10;Y;Married;1;2
473;Female;37;No;1;Y;Married;1;2
474;Male;49;No;18;Y;Divorced;2;1
475;Male;24;No;23;Y;Married;2;2
476;Male;26;No;28;Y;Married;2;2
477;Male;24;No;17;Y;Married;2;2
478;Male;50;No;3;Y;Married;2;2
479;Male;25;No;13;Y;Married;2;2
48;Male;37;No;19;Y;Married;2;2
480;Female;24;Yes;7;Y;Married;1;2
481;Male;30;Yes;12;Y;Married;2;2
482;Male;34;No;1;Y;Married;2;2
483;Male;31;Yes;13;Y;Divorced;2;1
484;Male;35;No;25;Y;Single;2;3
485;Male;31;No;6;Y;Divorced;2;1
486;Female;27;No;6;Y;Divorced;1;1
487;Male;37;No;2;Y;Married;2;2
488;Female;20;No;1;Y;Single;1;3
489;Female;42;No;2;Y;Married;1;2
49;Male;46;No;5;Y;Single;2;3
490;Male;43;No;6;Y;Divorced;2;1
491;Female;38;No;1;Y;Single;1;3
492;Male;43;No;9;Y;Divorced;2;1
493;Female;48;No;1;Y;Married;1;2
494;Female;44;No;1;Y;Single;1;3
495;Female;34;No;14;Y;Divorced;1;1
496;Male;27;Yes;2;Y;Divorced;2;1
497;Male;21;No;22;Y;Single;2;3
498;Male;44;No;3;Y;Married;2;2
499;Male;22;No;6;Y;Married;2;2
5;Male;27;No;2;Y;Married;2;2
50;Male;35;No;8;Y;Married;2;2
500;Male;33;No;8;Y;Divorced;2;1
501;Female;32;No;9;Y;Married;1;2
502;Female;30;No;3;Y;Divorced;1;1
503;Female;53;No;1;Y;Single;1;3
504;Male;34;No;1;Y;Married;2;2
505;Female;45;Yes;26;Y;Married;1;2
506;Female;26;No;6;Y;Married;1;2
507;Male;37;No;3;Y;Married;2;2
508;Female;29;No;3;Y;Married;1;2
509;Male;35;No;6;Y;Single;2;3
51;Male;48;Yes;1;Y;Single;2;3
510;Male;33;No;6;Y;Divorced;2;1
511;Male;54;No;19;Y;Married;2;2
512;Male;36;No;9;Y;Divorced;2;1
513;Male;27;No;3;Y;Single;2;3
514;Male;20;Yes;10;Y;Single;2;3
515;Male;33;Yes;3;Y;Single;2;3
516;Male;35;No;3;Y;Married;2;2
517;Male;23;No;4;Y;Married;2;2
518;Male;25;No;8;Y;Married;2;2
519;Female;38;No;7;Y;Single;1;3
52;Male;28;Yes;5;Y;Single;2;3
520;Male;29;No;1;Y;Divorced;2;1
521;Male;48;No;2;Y;Married;2;2
522;Female;27;No;3;Y;Divorced;1;1
523;Male;37;No;10;Y;Single;2;3
524;Male;50;No;28;Y;Married;2;2
525;Female;34;No;9;Y;Single;1;3
526;Female;24;Yes;3;Y;Single;1;3
527;Female;39;No;2;Y;Single;1;3
528;Male;32;No;10;Y;Single;2;3
529;Male;50;Yes;8;Y;Married;2;2
53;Female;44;No;1;Y;Divorced;1;1
530;Female;38;No;1;Y;Single;1;3
531;Female;27;No;1;Y;Married;1;2
532;Female;32;No;3;Y;Single;1;3
533;Male;47;No;14;Y;Single;2;3
534;Male;40;No;5;Y;Married;2;2
535;Male;53;No;7;Y;Married;2;2
536;Male;41;No;10;Y;Divorced;2;1
537;Male;60;No;16;Y;Single;2;3
538;Male;27;No;10;Y;Divorced;2;1
539;Male;41;No;1;Y;Married;2;2
54;Male;35;No;11;Y;Married;2;2
540;Male;50;No;8;Y;Married;2;2
541;Female;28;Yes;1;Y;Single;1;3
542;Female;36;No;8;Y;Married;1;2
543;Female;38;No;1;Y;Single;1;3
544;Male;44;No;24;Y;Single;2;3
545;Female;47;No;3;Y;Divorced;1;1
546;Male;30;No;27;Y;Divorced;2;1
547;Male;29;No;10;Y;Single;2;3
548;Male;42;Yes;19;Y;Divorced;2;1
549;Male;43;No;15;Y;Married;2;2
55;Female;26;No;23;Y;Married;1;2
550;Female;34;No;8;Y;Single;1;3
551;Male;23;No;9;Y;Married;2;2
552;Female;39;No;3;Y;Married;1;2
553;Male;56;No;9;Y;Married;2;2
554;Female;40;No;2;Y;Single;1;3
555;Female;27;No;7;Y;Single;1;3
556;Male;29;No;10;Y;Divorced;2;1
557;Male;53;No;6;Y;Single;2;3
558;Female;35;No;2;Y;Divorced;1;1
559;Male;32;No;24;Y;Married;2;2
56;Female;33;No;1;Y;Single;1;3
560;Male;38;No;2;Y;Married;2;2
561;Female;34;No;8;Y;Divorced;1;1
562;Male;52;No;3;Y;Married;2;2
563;Male;33;Yes;1;Y;Single;2;3
564;Female;25;No;26;Y;Single;1;3
565;Male;45;No;2;Y;Single;2;3
566;Male;23;No;10;Y;Single;2;3
567;Female;47;Yes;27;Y;Single;1;3
568;Male;34;No;2;Y;Single;2;3
569;Male;55;Yes;2;Y;Married;2;2
57;Male;35;No;18;Y;Married;2;2
570;Male;36;No;8;Y;Single;2;3
571;Male;52;No;19;Y;Married;2;2
572;Female;26;No;1;Y;Divorced;1;1
573;Female;29;No;27;Y;Married;1;2
574;Male;26;Yes;8;Y;Single;2;3
575;Female;34;No;1;Y;Single;1;3
